variable,forma,norma_gradiente,capa
tf_roberta_for_sequence_classification/roberta/encoder/layer_._0/attention/self/query/kernel:0,"(768, 768)",0.00890139490365982,0
tf_roberta_for_sequence_classification/roberta/encoder/layer_._0/attention/self/query/bias:0,"(768,)",0.0010948299895972013,0
tf_roberta_for_sequence_classification/roberta/encoder/layer_._0/attention/self/key/kernel:0,"(768, 768)",0.008560690097510815,0
tf_roberta_for_sequence_classification/roberta/encoder/layer_._0/attention/self/key/bias:0,"(768,)",1.613929406785175e-10,0
tf_roberta_for_sequence_classification/roberta/encoder/layer_._0/attention/self/value/kernel:0,"(768, 768)",0.02279605343937874,0
tf_roberta_for_sequence_classification/roberta/encoder/layer_._0/attention/self/value/bias:0,"(768,)",0.005661492235958576,0
tf_roberta_for_sequence_classification/roberta/encoder/layer_._0/attention/output/dense/kernel:0,"(768, 768)",0.017008092254400253,0
tf_roberta_for_sequence_classification/roberta/encoder/layer_._0/attention/output/dense/bias:0,"(768,)",0.004436081741005182,0
tf_roberta_for_sequence_classification/roberta/encoder/layer_._0/attention/output/LayerNorm/gamma:0,"(768,)",0.0029460499063134193,0
tf_roberta_for_sequence_classification/roberta/encoder/layer_._0/attention/output/LayerNorm/beta:0,"(768,)",0.004638512618839741,0
tf_roberta_for_sequence_classification/roberta/encoder/layer_._0/intermediate/dense/kernel:0,"(768, 3072)",0.01862218976020813,0
tf_roberta_for_sequence_classification/roberta/encoder/layer_._0/intermediate/dense/bias:0,"(3072,)",0.0017170787323266268,0
tf_roberta_for_sequence_classification/roberta/encoder/layer_._0/output/dense/kernel:0,"(3072, 768)",0.013624375686049461,0
tf_roberta_for_sequence_classification/roberta/encoder/layer_._0/output/dense/bias:0,"(768,)",0.0017485835123807192,0
tf_roberta_for_sequence_classification/roberta/encoder/layer_._0/output/LayerNorm/gamma:0,"(768,)",0.004771037958562374,0
tf_roberta_for_sequence_classification/roberta/encoder/layer_._0/output/LayerNorm/beta:0,"(768,)",0.0033855759538710117,0
tf_roberta_for_sequence_classification/roberta/encoder/layer_._1/attention/self/query/kernel:0,"(768, 768)",0.004588404670357704,1
tf_roberta_for_sequence_classification/roberta/encoder/layer_._1/attention/self/query/bias:0,"(768,)",0.00046588259283453226,1
tf_roberta_for_sequence_classification/roberta/encoder/layer_._1/attention/self/key/kernel:0,"(768, 768)",0.005096692591905594,1
tf_roberta_for_sequence_classification/roberta/encoder/layer_._1/attention/self/key/bias:0,"(768,)",9.46246692112851e-11,1
tf_roberta_for_sequence_classification/roberta/encoder/layer_._1/attention/self/value/kernel:0,"(768, 768)",0.01415523886680603,1
tf_roberta_for_sequence_classification/roberta/encoder/layer_._1/attention/self/value/bias:0,"(768,)",0.0021075287368148565,1
tf_roberta_for_sequence_classification/roberta/encoder/layer_._1/attention/output/dense/kernel:0,"(768, 768)",0.011842897161841393,1
tf_roberta_for_sequence_classification/roberta/encoder/layer_._1/attention/output/dense/bias:0,"(768,)",0.0015871580690145493,1
tf_roberta_for_sequence_classification/roberta/encoder/layer_._1/attention/output/LayerNorm/gamma:0,"(768,)",0.001715676742605865,1
tf_roberta_for_sequence_classification/roberta/encoder/layer_._1/attention/output/LayerNorm/beta:0,"(768,)",0.0019701013807207346,1
tf_roberta_for_sequence_classification/roberta/encoder/layer_._1/intermediate/dense/kernel:0,"(768, 3072)",0.013628232292830944,1
tf_roberta_for_sequence_classification/roberta/encoder/layer_._1/intermediate/dense/bias:0,"(3072,)",0.0008575932588428259,1
tf_roberta_for_sequence_classification/roberta/encoder/layer_._1/output/dense/kernel:0,"(3072, 768)",0.009362137876451015,1
tf_roberta_for_sequence_classification/roberta/encoder/layer_._1/output/dense/bias:0,"(768,)",0.0014189041685312986,1
tf_roberta_for_sequence_classification/roberta/encoder/layer_._1/output/LayerNorm/gamma:0,"(768,)",0.006066883448511362,1
tf_roberta_for_sequence_classification/roberta/encoder/layer_._1/output/LayerNorm/beta:0,"(768,)",0.001798957004211843,1
tf_roberta_for_sequence_classification/roberta/encoder/layer_._2/attention/self/query/kernel:0,"(768, 768)",0.003392985323444009,2
tf_roberta_for_sequence_classification/roberta/encoder/layer_._2/attention/self/query/bias:0,"(768,)",0.0003949386882595718,2
tf_roberta_for_sequence_classification/roberta/encoder/layer_._2/attention/self/key/kernel:0,"(768, 768)",0.004385863430798054,2
tf_roberta_for_sequence_classification/roberta/encoder/layer_._2/attention/self/key/bias:0,"(768,)",6.997771806460662e-11,2
tf_roberta_for_sequence_classification/roberta/encoder/layer_._2/attention/self/value/kernel:0,"(768, 768)",0.011173075065016747,2
tf_roberta_for_sequence_classification/roberta/encoder/layer_._2/attention/self/value/bias:0,"(768,)",0.0014769340632483363,2
tf_roberta_for_sequence_classification/roberta/encoder/layer_._2/attention/output/dense/kernel:0,"(768, 768)",0.007406593766063452,2
tf_roberta_for_sequence_classification/roberta/encoder/layer_._2/attention/output/dense/bias:0,"(768,)",0.0010356728453189135,2
tf_roberta_for_sequence_classification/roberta/encoder/layer_._2/attention/output/LayerNorm/gamma:0,"(768,)",0.0011388978455215693,2
tf_roberta_for_sequence_classification/roberta/encoder/layer_._2/attention/output/LayerNorm/beta:0,"(768,)",0.0011772607685998082,2
tf_roberta_for_sequence_classification/roberta/encoder/layer_._2/intermediate/dense/kernel:0,"(768, 3072)",0.007473652716726065,2
tf_roberta_for_sequence_classification/roberta/encoder/layer_._2/intermediate/dense/bias:0,"(3072,)",0.0005131003563292325,2
tf_roberta_for_sequence_classification/roberta/encoder/layer_._2/output/dense/kernel:0,"(3072, 768)",0.0056256079114973545,2
tf_roberta_for_sequence_classification/roberta/encoder/layer_._2/output/dense/bias:0,"(768,)",0.0007692817598581314,2
tf_roberta_for_sequence_classification/roberta/encoder/layer_._2/output/LayerNorm/gamma:0,"(768,)",0.0008310765260830522,2
tf_roberta_for_sequence_classification/roberta/encoder/layer_._2/output/LayerNorm/beta:0,"(768,)",0.0007996668573468924,2
tf_roberta_for_sequence_classification/roberta/encoder/layer_._3/attention/self/query/kernel:0,"(768, 768)",0.0020347093231976032,3
tf_roberta_for_sequence_classification/roberta/encoder/layer_._3/attention/self/query/bias:0,"(768,)",0.00016816305287647992,3
tf_roberta_for_sequence_classification/roberta/encoder/layer_._3/attention/self/key/kernel:0,"(768, 768)",0.002454567002132535,3
tf_roberta_for_sequence_classification/roberta/encoder/layer_._3/attention/self/key/bias:0,"(768,)",4.8892574017189716e-11,3
tf_roberta_for_sequence_classification/roberta/encoder/layer_._3/attention/self/value/kernel:0,"(768, 768)",0.00655303755775094,3
tf_roberta_for_sequence_classification/roberta/encoder/layer_._3/attention/self/value/bias:0,"(768,)",0.0007686552708037198,3
tf_roberta_for_sequence_classification/roberta/encoder/layer_._3/attention/output/dense/kernel:0,"(768, 768)",0.00563844433054328,3
tf_roberta_for_sequence_classification/roberta/encoder/layer_._3/attention/output/dense/bias:0,"(768,)",0.0005733922589570284,3
tf_roberta_for_sequence_classification/roberta/encoder/layer_._3/attention/output/LayerNorm/gamma:0,"(768,)",0.0006562122725881636,3
tf_roberta_for_sequence_classification/roberta/encoder/layer_._3/attention/output/LayerNorm/beta:0,"(768,)",0.0007237917743623257,3
tf_roberta_for_sequence_classification/roberta/encoder/layer_._3/intermediate/dense/kernel:0,"(768, 3072)",0.0047997948713600636,3
tf_roberta_for_sequence_classification/roberta/encoder/layer_._3/intermediate/dense/bias:0,"(3072,)",0.00034179777139797807,3
tf_roberta_for_sequence_classification/roberta/encoder/layer_._3/output/dense/kernel:0,"(3072, 768)",0.003550122492015362,3
tf_roberta_for_sequence_classification/roberta/encoder/layer_._3/output/dense/bias:0,"(768,)",0.0005153404199518263,3
tf_roberta_for_sequence_classification/roberta/encoder/layer_._3/output/LayerNorm/gamma:0,"(768,)",0.000667630520183593,3
tf_roberta_for_sequence_classification/roberta/encoder/layer_._3/output/LayerNorm/beta:0,"(768,)",0.000760699505917728,3
tf_roberta_for_sequence_classification/roberta/encoder/layer_._4/attention/self/query/kernel:0,"(768, 768)",0.0014983449364081025,4
tf_roberta_for_sequence_classification/roberta/encoder/layer_._4/attention/self/query/bias:0,"(768,)",0.00012032642553094774,4
tf_roberta_for_sequence_classification/roberta/encoder/layer_._4/attention/self/key/kernel:0,"(768, 768)",0.0017165918834507465,4
tf_roberta_for_sequence_classification/roberta/encoder/layer_._4/attention/self/key/bias:0,"(768,)",3.922144900525559e-11,4
tf_roberta_for_sequence_classification/roberta/encoder/layer_._4/attention/self/value/kernel:0,"(768, 768)",0.006280014757066965,4
tf_roberta_for_sequence_classification/roberta/encoder/layer_._4/attention/self/value/bias:0,"(768,)",0.0007151405443437397,4
tf_roberta_for_sequence_classification/roberta/encoder/layer_._4/attention/output/dense/kernel:0,"(768, 768)",0.00550192641094327,4
tf_roberta_for_sequence_classification/roberta/encoder/layer_._4/attention/output/dense/bias:0,"(768,)",0.0005669870879501104,4
tf_roberta_for_sequence_classification/roberta/encoder/layer_._4/attention/output/LayerNorm/gamma:0,"(768,)",0.0005357908084988594,4
tf_roberta_for_sequence_classification/roberta/encoder/layer_._4/attention/output/LayerNorm/beta:0,"(768,)",0.0006441833102144301,4
tf_roberta_for_sequence_classification/roberta/encoder/layer_._4/intermediate/dense/kernel:0,"(768, 3072)",0.003851148532703519,4
tf_roberta_for_sequence_classification/roberta/encoder/layer_._4/intermediate/dense/bias:0,"(3072,)",0.00028118904447183013,4
tf_roberta_for_sequence_classification/roberta/encoder/layer_._4/output/dense/kernel:0,"(3072, 768)",0.0029869782738387585,4
tf_roberta_for_sequence_classification/roberta/encoder/layer_._4/output/dense/bias:0,"(768,)",0.00027418264653533697,4
tf_roberta_for_sequence_classification/roberta/encoder/layer_._4/output/LayerNorm/gamma:0,"(768,)",0.0005068731843493879,4
tf_roberta_for_sequence_classification/roberta/encoder/layer_._4/output/LayerNorm/beta:0,"(768,)",0.0003602587676141411,4
tf_roberta_for_sequence_classification/roberta/encoder/layer_._5/attention/self/query/kernel:0,"(768, 768)",0.0014191324589774013,5
tf_roberta_for_sequence_classification/roberta/encoder/layer_._5/attention/self/query/bias:0,"(768,)",0.00012064356269547716,5
tf_roberta_for_sequence_classification/roberta/encoder/layer_._5/attention/self/key/kernel:0,"(768, 768)",0.001255858805961907,5
tf_roberta_for_sequence_classification/roberta/encoder/layer_._5/attention/self/key/bias:0,"(768,)",2.1452980017433454e-11,5
tf_roberta_for_sequence_classification/roberta/encoder/layer_._5/attention/self/value/kernel:0,"(768, 768)",0.003040120704099536,5
tf_roberta_for_sequence_classification/roberta/encoder/layer_._5/attention/self/value/bias:0,"(768,)",0.00033361843088641763,5
tf_roberta_for_sequence_classification/roberta/encoder/layer_._5/attention/output/dense/kernel:0,"(768, 768)",0.002311693737283349,5
tf_roberta_for_sequence_classification/roberta/encoder/layer_._5/attention/output/dense/bias:0,"(768,)",0.00022667790472041816,5
tf_roberta_for_sequence_classification/roberta/encoder/layer_._5/attention/output/LayerNorm/gamma:0,"(768,)",0.0003311881155241281,5
tf_roberta_for_sequence_classification/roberta/encoder/layer_._5/attention/output/LayerNorm/beta:0,"(768,)",0.00033352943137288094,5
tf_roberta_for_sequence_classification/roberta/encoder/layer_._5/intermediate/dense/kernel:0,"(768, 3072)",0.00235760142095387,5
tf_roberta_for_sequence_classification/roberta/encoder/layer_._5/intermediate/dense/bias:0,"(3072,)",0.0001469453127356246,5
tf_roberta_for_sequence_classification/roberta/encoder/layer_._5/output/dense/kernel:0,"(3072, 768)",0.0016896576853469014,5
tf_roberta_for_sequence_classification/roberta/encoder/layer_._5/output/dense/bias:0,"(768,)",0.00024335464695468545,5
tf_roberta_for_sequence_classification/roberta/encoder/layer_._5/output/LayerNorm/gamma:0,"(768,)",0.00033593305852264166,5
tf_roberta_for_sequence_classification/roberta/encoder/layer_._5/output/LayerNorm/beta:0,"(768,)",0.00036420824471861124,5
tf_roberta_for_sequence_classification/roberta/encoder/layer_._6/attention/self/query/kernel:0,"(768, 768)",0.00046042841859161854,6
tf_roberta_for_sequence_classification/roberta/encoder/layer_._6/attention/self/query/bias:0,"(768,)",4.101989543414675e-05,6
tf_roberta_for_sequence_classification/roberta/encoder/layer_._6/attention/self/key/kernel:0,"(768, 768)",0.000515165738761425,6
tf_roberta_for_sequence_classification/roberta/encoder/layer_._6/attention/self/key/bias:0,"(768,)",9.624044616796112e-12,6
tf_roberta_for_sequence_classification/roberta/encoder/layer_._6/attention/self/value/kernel:0,"(768, 768)",0.003340320661664009,6
tf_roberta_for_sequence_classification/roberta/encoder/layer_._6/attention/self/value/bias:0,"(768,)",0.000382145750336349,6
tf_roberta_for_sequence_classification/roberta/encoder/layer_._6/attention/output/dense/kernel:0,"(768, 768)",0.0028751010540872812,6
tf_roberta_for_sequence_classification/roberta/encoder/layer_._6/attention/output/dense/bias:0,"(768,)",0.00027934485115110874,6
tf_roberta_for_sequence_classification/roberta/encoder/layer_._6/attention/output/LayerNorm/gamma:0,"(768,)",0.00025958745391108096,6
tf_roberta_for_sequence_classification/roberta/encoder/layer_._6/attention/output/LayerNorm/beta:0,"(768,)",0.0003122913767583668,6
tf_roberta_for_sequence_classification/roberta/encoder/layer_._6/intermediate/dense/kernel:0,"(768, 3072)",0.0018439876148477197,6
tf_roberta_for_sequence_classification/roberta/encoder/layer_._6/intermediate/dense/bias:0,"(3072,)",0.00012624372902791947,6
tf_roberta_for_sequence_classification/roberta/encoder/layer_._6/output/dense/kernel:0,"(3072, 768)",0.0014922769041731954,6
tf_roberta_for_sequence_classification/roberta/encoder/layer_._6/output/dense/bias:0,"(768,)",0.00020985296578146517,6
tf_roberta_for_sequence_classification/roberta/encoder/layer_._6/output/LayerNorm/gamma:0,"(768,)",0.0006075736018829048,6
tf_roberta_for_sequence_classification/roberta/encoder/layer_._6/output/LayerNorm/beta:0,"(768,)",0.0002959940175060183,6
tf_roberta_for_sequence_classification/roberta/encoder/layer_._7/attention/self/query/kernel:0,"(768, 768)",0.000428888393798843,7
tf_roberta_for_sequence_classification/roberta/encoder/layer_._7/attention/self/query/bias:0,"(768,)",3.5703520552488044e-05,7
tf_roberta_for_sequence_classification/roberta/encoder/layer_._7/attention/self/key/kernel:0,"(768, 768)",0.00038124973070807755,7
tf_roberta_for_sequence_classification/roberta/encoder/layer_._7/attention/self/key/bias:0,"(768,)",1.1537318843346522e-11,7
tf_roberta_for_sequence_classification/roberta/encoder/layer_._7/attention/self/value/kernel:0,"(768, 768)",0.0025174885522574186,7
tf_roberta_for_sequence_classification/roberta/encoder/layer_._7/attention/self/value/bias:0,"(768,)",0.0002515179803594947,7
tf_roberta_for_sequence_classification/roberta/encoder/layer_._7/attention/output/dense/kernel:0,"(768, 768)",0.0023240712471306324,7
tf_roberta_for_sequence_classification/roberta/encoder/layer_._7/attention/output/dense/bias:0,"(768,)",0.00019828106451313943,7
tf_roberta_for_sequence_classification/roberta/encoder/layer_._7/attention/output/LayerNorm/gamma:0,"(768,)",0.0003909904626198113,7
tf_roberta_for_sequence_classification/roberta/encoder/layer_._7/attention/output/LayerNorm/beta:0,"(768,)",0.00025478997849859297,7
tf_roberta_for_sequence_classification/roberta/encoder/layer_._7/intermediate/dense/kernel:0,"(768, 3072)",0.0016263141296803951,7
tf_roberta_for_sequence_classification/roberta/encoder/layer_._7/intermediate/dense/bias:0,"(3072,)",0.00011407909914851189,7
tf_roberta_for_sequence_classification/roberta/encoder/layer_._7/output/dense/kernel:0,"(3072, 768)",0.0014456997159868479,7
tf_roberta_for_sequence_classification/roberta/encoder/layer_._7/output/dense/bias:0,"(768,)",0.00018444193119648844,7
tf_roberta_for_sequence_classification/roberta/encoder/layer_._7/output/LayerNorm/gamma:0,"(768,)",0.0009687423589639366,7
tf_roberta_for_sequence_classification/roberta/encoder/layer_._7/output/LayerNorm/beta:0,"(768,)",0.00017938624660018831,7
tf_roberta_for_sequence_classification/roberta/encoder/layer_._8/attention/self/query/kernel:0,"(768, 768)",0.00036625954089686275,8
tf_roberta_for_sequence_classification/roberta/encoder/layer_._8/attention/self/query/bias:0,"(768,)",3.085202843067236e-05,8
tf_roberta_for_sequence_classification/roberta/encoder/layer_._8/attention/self/key/kernel:0,"(768, 768)",0.00044177091331221163,8
tf_roberta_for_sequence_classification/roberta/encoder/layer_._8/attention/self/key/bias:0,"(768,)",1.049487580173647e-11,8
tf_roberta_for_sequence_classification/roberta/encoder/layer_._8/attention/self/value/kernel:0,"(768, 768)",0.0031042923219501972,8
tf_roberta_for_sequence_classification/roberta/encoder/layer_._8/attention/self/value/bias:0,"(768,)",0.00027067260816693306,8
tf_roberta_for_sequence_classification/roberta/encoder/layer_._8/attention/output/dense/kernel:0,"(768, 768)",0.0023370180279016495,8
tf_roberta_for_sequence_classification/roberta/encoder/layer_._8/attention/output/dense/bias:0,"(768,)",0.0001898243062896654,8
tf_roberta_for_sequence_classification/roberta/encoder/layer_._8/attention/output/LayerNorm/gamma:0,"(768,)",0.00023833461455069482,8
tf_roberta_for_sequence_classification/roberta/encoder/layer_._8/attention/output/LayerNorm/beta:0,"(768,)",0.00019314835662953556,8
tf_roberta_for_sequence_classification/roberta/encoder/layer_._8/intermediate/dense/kernel:0,"(768, 3072)",0.0012664205860346556,8
tf_roberta_for_sequence_classification/roberta/encoder/layer_._8/intermediate/dense/bias:0,"(3072,)",8.83171014720574e-05,8
tf_roberta_for_sequence_classification/roberta/encoder/layer_._8/output/dense/kernel:0,"(3072, 768)",0.0012011176440864801,8
tf_roberta_for_sequence_classification/roberta/encoder/layer_._8/output/dense/bias:0,"(768,)",8.221262396546081e-05,8
tf_roberta_for_sequence_classification/roberta/encoder/layer_._8/output/LayerNorm/gamma:0,"(768,)",0.0004082505765836686,8
tf_roberta_for_sequence_classification/roberta/encoder/layer_._8/output/LayerNorm/beta:0,"(768,)",0.00014321757771540433,8
tf_roberta_for_sequence_classification/roberta/encoder/layer_._9/attention/self/query/kernel:0,"(768, 768)",0.0002901376865338534,9
tf_roberta_for_sequence_classification/roberta/encoder/layer_._9/attention/self/query/bias:0,"(768,)",2.0366012904560193e-05,9
tf_roberta_for_sequence_classification/roberta/encoder/layer_._9/attention/self/key/kernel:0,"(768, 768)",0.0003091334365308285,9
tf_roberta_for_sequence_classification/roberta/encoder/layer_._9/attention/self/key/bias:0,"(768,)",4.991261744191622e-12,9
tf_roberta_for_sequence_classification/roberta/encoder/layer_._9/attention/self/value/kernel:0,"(768, 768)",0.0013445047661662102,9
tf_roberta_for_sequence_classification/roberta/encoder/layer_._9/attention/self/value/bias:0,"(768,)",9.393378422828391e-05,9
tf_roberta_for_sequence_classification/roberta/encoder/layer_._9/attention/output/dense/kernel:0,"(768, 768)",0.001778488396666944,9
tf_roberta_for_sequence_classification/roberta/encoder/layer_._9/attention/output/dense/bias:0,"(768,)",0.00010668266622815281,9
tf_roberta_for_sequence_classification/roberta/encoder/layer_._9/attention/output/LayerNorm/gamma:0,"(768,)",0.00018421020649839193,9
tf_roberta_for_sequence_classification/roberta/encoder/layer_._9/attention/output/LayerNorm/beta:0,"(768,)",0.00019643086125142872,9
tf_roberta_for_sequence_classification/roberta/encoder/layer_._9/intermediate/dense/kernel:0,"(768, 3072)",0.0013193730264902115,9
tf_roberta_for_sequence_classification/roberta/encoder/layer_._9/intermediate/dense/bias:0,"(3072,)",8.19289853097871e-05,9
tf_roberta_for_sequence_classification/roberta/encoder/layer_._9/output/dense/kernel:0,"(3072, 768)",0.001016521011479199,9
tf_roberta_for_sequence_classification/roberta/encoder/layer_._9/output/dense/bias:0,"(768,)",4.48322607553564e-05,9
tf_roberta_for_sequence_classification/roberta/encoder/layer_._9/output/LayerNorm/gamma:0,"(768,)",0.00016563110693823546,9
tf_roberta_for_sequence_classification/roberta/encoder/layer_._9/output/LayerNorm/beta:0,"(768,)",0.00011441918468335643,9
tf_roberta_for_sequence_classification/roberta/encoder/layer_._10/attention/self/query/kernel:0,"(768, 768)",0.00023617292754352093,10
tf_roberta_for_sequence_classification/roberta/encoder/layer_._10/attention/self/query/bias:0,"(768,)",1.892693580884952e-05,10
tf_roberta_for_sequence_classification/roberta/encoder/layer_._10/attention/self/key/kernel:0,"(768, 768)",0.00025942749925889075,10
tf_roberta_for_sequence_classification/roberta/encoder/layer_._10/attention/self/key/bias:0,"(768,)",5.204914190620746e-12,10
tf_roberta_for_sequence_classification/roberta/encoder/layer_._10/attention/self/value/kernel:0,"(768, 768)",0.0012898020213469863,10
tf_roberta_for_sequence_classification/roberta/encoder/layer_._10/attention/self/value/bias:0,"(768,)",8.58873754623346e-05,10
tf_roberta_for_sequence_classification/roberta/encoder/layer_._10/attention/output/dense/kernel:0,"(768, 768)",0.0012446524342522025,10
tf_roberta_for_sequence_classification/roberta/encoder/layer_._10/attention/output/dense/bias:0,"(768,)",6.504933116957545e-05,10
tf_roberta_for_sequence_classification/roberta/encoder/layer_._10/attention/output/LayerNorm/gamma:0,"(768,)",0.0001331280218437314,10
tf_roberta_for_sequence_classification/roberta/encoder/layer_._10/attention/output/LayerNorm/beta:0,"(768,)",0.00012235577742103487,10
tf_roberta_for_sequence_classification/roberta/encoder/layer_._10/intermediate/dense/kernel:0,"(768, 3072)",0.0010320752626284957,10
tf_roberta_for_sequence_classification/roberta/encoder/layer_._10/intermediate/dense/bias:0,"(3072,)",5.930737461312674e-05,10
tf_roberta_for_sequence_classification/roberta/encoder/layer_._10/output/dense/kernel:0,"(3072, 768)",0.0009747463627718389,10
tf_roberta_for_sequence_classification/roberta/encoder/layer_._10/output/dense/bias:0,"(768,)",6.734955968568102e-05,10
tf_roberta_for_sequence_classification/roberta/encoder/layer_._10/output/LayerNorm/gamma:0,"(768,)",0.0001677949767326936,10
tf_roberta_for_sequence_classification/roberta/encoder/layer_._10/output/LayerNorm/beta:0,"(768,)",0.00014807815023232251,10
tf_roberta_for_sequence_classification/roberta/encoder/layer_._11/attention/self/query/kernel:0,"(768, 768)",5.7662597100716084e-05,11
tf_roberta_for_sequence_classification/roberta/encoder/layer_._11/attention/self/query/bias:0,"(768,)",6.2812064243189525e-06,11
tf_roberta_for_sequence_classification/roberta/encoder/layer_._11/attention/self/key/kernel:0,"(768, 768)",4.7438708861591294e-05,11
tf_roberta_for_sequence_classification/roberta/encoder/layer_._11/attention/self/key/bias:0,"(768,)",6.197801820373439e-12,11
tf_roberta_for_sequence_classification/roberta/encoder/layer_._11/attention/self/value/kernel:0,"(768, 768)",0.0011380395153537393,11
tf_roberta_for_sequence_classification/roberta/encoder/layer_._11/attention/self/value/bias:0,"(768,)",7.553135947091505e-05,11
tf_roberta_for_sequence_classification/roberta/encoder/layer_._11/attention/output/dense/kernel:0,"(768, 768)",0.0012435954995453358,11
tf_roberta_for_sequence_classification/roberta/encoder/layer_._11/attention/output/dense/bias:0,"(768,)",4.555688792606816e-05,11
tf_roberta_for_sequence_classification/roberta/encoder/layer_._11/attention/output/LayerNorm/gamma:0,"(768,)",0.0003884432080667466,11
tf_roberta_for_sequence_classification/roberta/encoder/layer_._11/attention/output/LayerNorm/beta:0,"(768,)",0.00012129784590797499,11
tf_roberta_for_sequence_classification/roberta/encoder/layer_._11/intermediate/dense/kernel:0,"(768, 3072)",0.0010702669387683272,11
tf_roberta_for_sequence_classification/roberta/encoder/layer_._11/intermediate/dense/bias:0,"(3072,)",7.027002720860764e-05,11
tf_roberta_for_sequence_classification/roberta/encoder/layer_._11/output/dense/kernel:0,"(3072, 768)",0.001147767761722207,11
tf_roberta_for_sequence_classification/roberta/encoder/layer_._11/output/dense/bias:0,"(768,)",5.805874752695672e-05,11
tf_roberta_for_sequence_classification/roberta/encoder/layer_._11/output/LayerNorm/gamma:0,"(768,)",0.0005550837377086282,11
tf_roberta_for_sequence_classification/roberta/encoder/layer_._11/output/LayerNorm/beta:0,"(768,)",0.00037752982461825013,11
tf_roberta_for_sequence_classification/roberta/embeddings/word_embeddings/weight:0,"(50262, 768)",0.02751331776380539,-1
tf_roberta_for_sequence_classification/roberta/embeddings/token_type_embeddings/embeddings:0,"(1, 768)",0.0892670527100563,-1
tf_roberta_for_sequence_classification/roberta/embeddings/position_embeddings/embeddings:0,"(514, 768)",0.02523837424814701,-1
tf_roberta_for_sequence_classification/roberta/embeddings/LayerNorm/gamma:0,"(768,)",0.0064651984721422195,-1
tf_roberta_for_sequence_classification/roberta/embeddings/LayerNorm/beta:0,"(768,)",0.013968096114695072,-1
tf_roberta_for_sequence_classification/classifier/dense/kernel:0,"(768, 768)",0.00597028573974967,999
tf_roberta_for_sequence_classification/classifier/dense/bias:0,"(768,)",0.000439779571024701,999
tf_roberta_for_sequence_classification/classifier/out_proj/kernel:0,"(768, 2)",0.01441203337162733,999
tf_roberta_for_sequence_classification/classifier/out_proj/bias:0,"(2,)",0.0012037630658596754,999
