url,title,description,reason
https://actualidadpanamericana.com/arqueologos-descubren-jean-con-bolsillos-a-las-afueras-de-medellin/,Arqueólogos descubren “Jean con Bolsillos” a las afueras de Medellín. - Actualidad Panamericana,"Mientras jugaban a las afueras de la capital de la montaña, un grupo de niños se topó con  el extraño...",place_only_no_political_context
https://actualidadpanamericana.com/polemica-por-nueva-atraccion-de-disney-basada-en-arroyos-de-barranquilla/,Polémica por nueva atracción de Disney basada en arroyos de Barranquilla - Actualidad Panamericana,Un aluvión de reacciones enardecidas ha generado en la capital del Atlántico la noticia según la cual el popular...,place_only_no_political_context
https://actualidadpanamericana.com/polemica-en-medellin-por-jardin-infantil-que-ofrece-clases-de-pole-dancing/,Polémica en Medellín por jardín infantil que ofrece clases de pole dancing - Actualidad Panamericana,"Divididos se encuentran los padres de familia de la capital de Antioquia por cuenta de un jardín infantil que ofrece,...",place_only_no_political_context
https://actualidadpanamericana.com/alerta-por-aumento-de-embarazos-no-deseados-en-transmilenio/,Alerta por aumento de embarazos no deseados en Transmilenio - Actualidad Panamericana,"“Mamá no tengo novio y te juro que no me acosté con nadie.” Son las palabras de Melisa*, una joven...",place_only_no_political_context
https://actualidadpanamericana.com/artista-colombiano-retrata-vida-de-max-caiman-desempleado/,Artista colombiano retrata vida de Max Caimán desempleado - Actualidad Panamericana,"Se trata de Moctezuma Bernal, artista de la localidad de Chapinero que expone esta obra en Art Boquerón Follow @actualidadpanam shares Facebook Twitter WhatsApp Comentarios...",place_only_no_political_context
https://actualidadpanamericana.com/justin-bieber-seria-colombiano/,Justin Bieber sería colombiano - Actualidad Panamericana,"Un investigador de este medio, se dio a la ardua tarea de demostrar que el famoso artista es colombiano “no...",place_only_no_political_context
https://actualidadpanamericana.com/a-nino-bogotano-le-piden-antimateria-en-lista-de-utiles/,A niño bogotano le piden antimateria en lista de útiles - Actualidad Panamericana,El regreso a clases del pequeño Johan Tangarife de 9 años no fue nada fácil este año por cuenta de...,place_only_no_political_context
https://actualidadpanamericana.com/rey-de-espana-condiciona-retiro-de-visa-a-cambio-de-licencia-para-cazar-en-colombia/,Rey de España condiciona retiro de visa a cambio de licencia para cazar en Colombia,españa exige licencia de cacería para el rey a cambio de exención de visas,place_only_no_political_context
https://actualidadpanamericana.com/la-madre-del-nuevo-ceo-de-microsoft-es-colombiana/,La madre del nuevo CEO de Microsoft es colombiana,"Con gran alegría reciben los colombianos el nombramiento de Satya Nadella como nuevo CEO de Microsoft, en reemplazo de Steve Balmer. La razón: la madre de Nadella es Amparo Velásquez, nacida en Pereira.",place_only_no_political_context
https://actualidadpanamericana.com/preparan-version-colombiana-de-dragon-ball/,"Preparan versión colombiana de ""Dragon Ball""","Sorpresa ha generado un tweet de la productora ""Hariztax films"" según el cual habrían adquirido los derechos de la popular serie animada para producir una versión ""a la colombiana"" para cine.",place_only_no_political_context
https://actualidadpanamericana.com/publireportaje-burdel-bogotano-primero-recibir-certificacion-iso-9001/,"Publireportaje: Burdel bogotano, primero en recibir certificación ISO 9001 - Actualidad Panamericana",Publireportaje Con un gran festejo en el barrio Santa Fe se celebró el pasado jueves la entrega de la certificación ISO 9001...,place_only_no_political_context
https://actualidadpanamericana.com/record-guinness-para-colombia-por-ser-el-pais-con-mas-records-guinness/,Récord Guinness para Colombia por ser el país con más récords Guinness,Colombia amaneció hoy de fiesta gracias a que los editores de este prestigioso libro han decidido reconocerlo como el país con más galardones de este tipo en lo que expertos consultados catalogan como un archirécord.,place_only_no_political_context
https://actualidadpanamericana.com/en-cartas-ineditas-bolivar-se-queja-con-manuelita-saenz-por-matoneo-de-santander/,"En cartas inéditas, Bolívar se queja con Manuelita Sáenz por ""matoneo"" de Santander","En unas piezas epistolares que habían permanecido inéditas hasta ahora pues se conservaban en un baúl cerrado que permanecía en un hogar perteneciente a una prestante familia de Villa del Rosario (Norte de Santander), el Libertador se queja con Manuelita Saenz del matoneo del que, según expresa, se sentía víctima y que era ejercido por los liberales neogranadinos con Francisco de Paula Santander a la cabeza.",place_only_no_political_context
https://actualidadpanamericana.com/mcdonalds-colombia-le-apuesta-a-lo-local-y-lanza-mcpega/,McDonald's Colombia le apuesta a lo local y lanza McPega,"La popular cadena de comidas rápidas anunció que para 2014 quiere conquistar más paladares colombianos. Para lograrlo complementará su tradicional menú de BigMacs, Cuartos de libra y McFiesta con una oferta con toque muy local.",place_only_no_political_context
https://actualidadpanamericana.com/sigue-el-manoseo-en-transmilenio-para-mujeres/,Sigue el manoseo en TransMilenio para mujeres,"Un hecho inesperado se presentó en el primer día de la implementación de los vagones exclusivos para mujeres en TransMilenio. Estefanía Romero, una mujer de 23 años, denunció que fue manoseada morbosamente en el vagón delantero de la ruta J23, en el que, paradójicamente, no había ni un solo hombre.",place_only_no_political_context
https://actualidadpanamericana.com/exclusivo-intimidades-de-la-version-colombiana-de-los-anos-maravillosos/,Exclusivo: Intimidades de la versión colombiana de Los años maravillosos,"Gran expectativa ha generado en el país el anuncio de la producción nacional de Los Años Maravillosos. Actualidad Panamericana conoció, en exclusiva, algunos datos anecdóticos de la versión colombiana de la popular serie. Atención, spoilers.",place_only_no_political_context
https://actualidadpanamericana.com/ultima-hora-oficinista-no-llamo-a-la-mama-tras-temblor-en-bogota/,Última hora: oficinista no llamó a la mamá tras temblor en bogotá - Actualidad Panamericana,"Aurelio Toquica, un auxiliar contable que trabaja en el centro de bogotá, no llamó a su madre tras el sismo...",place_only_no_political_context
https://actualidadpanamericana.com/andres-carne-de-res-recibira-basura-de-bogota-mientras-se-supera-la-crisis/,Andrés carne de res recibirá basura de Bogotá mientras se supera la crisis,"Ante la crisis en el servicio de recolección de basura que han experimentado algunas zonas de la capital el popular restaurante afirmó a través de un vocero que está dispuesto a poner a disposición sus sucursales como ""puntos transitorios de acopio"".",place_only_no_political_context
https://actualidadpanamericana.com/crisis-en-relaciones-colombia-usa-por-error-en-homenaje-a-pacheco-ayer/,Crisis en relaciones Colombia-USA por error en homenaje a Pacheco ayer,Error en homenaje al presentador fallecido durante ceremonia de entrega de premios Oscar generó nota de protesta de la Cancillería.,place_only_no_political_context
https://actualidadpanamericana.com/se-robaron-el-carro-de-volver-al-futuro-en-bogota/,Se robaron el carro de Volver al Futuro en Bogotá,"Devastados están los fanáticos de la trilogía de ciencia ficción Volver al Futuro, al enterarse de la desaparición del emblemático De Lorean DMC 12, protagonista de estas películas.",place_only_no_political_context
https://actualidadpanamericana.com/ultima-hora-celulares-de-pasajeros-del-avion-perdido-en-malasia-aparecen-en-la-calle-13-de-bogota/,Aparecen celulares de pasajeros del avión perdido en Malasia en la calle 13 de Bogotá,"Al misterio de la desaparición del vuelo 370 de Malasia Airlines que durante las dos últimas semanas ha tenido intrigado a todo el planeta, en la tarde del día de ayer se le sumó un giro inesperado que tiene desconcertado a todos los expertos.",place_only_no_political_context
https://actualidadpanamericana.com/pole-dance-en-semaforos-de-medellin-desata-polemica/,Pole dance en semáforos de Medellín desata polémica,Indignación y rechazo total ha causado la última modalidad de trabajo informal vista en los semáforos de un reconocido y exclusivo sector de Medellín.,place_only_no_political_context
https://actualidadpanamericana.com/pediran-pasado-judicial-a-usuarios-de-tinder-en-colombia/,Pedirán pasado judicial a usuarios de Tinder en Colombia,Los creadores de la popular aplicación que hace furor entre los solteros y aventureros del mundo anunciaron hoy que a partir del próximo 1 de mayo sus usuarios que residan en Colombia deberán presentar estos dos documentos.,place_only_no_political_context
https://actualidadpanamericana.com/bloquean-acceso-a-megafoto-de-nueva-york-en-colombia-por-temor-a-apartementeros/,Bloquean acceso a megafoto de Nueva York en Colombia por temor a apartamenteros,"La medida fue tomada por la división de delitos electrónicos de la Dijin previa recomendación de Interpol. Al parecer, bandas dedicadas al hurto de apartamentos con base en el Norte del Valle y el Eje Cafetero pero que con frecuencia organizan incursiones fuera del país, en particular en Madrid y Nueva York, estarían utilizando la histórica y muy comentada gigafoto de la revista Time desde la cúspide del nuevo World Trade Center para planear sus próximas fechorías.",place_only_no_political_context
https://actualidadpanamericana.com/aparece-grabacion-en-la-que-pele-da-a-colombia-como-favorita-en-las-pruebas-pisa/,Aparece grabación en la que Pelé da a Colombia como favorita en las pruebas Pisa,"A los medios de comunicación llegó hoy esta grabación en la que el Rey del fútbol, temido en todo el planeta por sus augurios, afirma que el país tendrá un buen desempeño en las pruebas que miden la calidad de la educación. Juzguen ustedes.",place_only_no_political_context
https://actualidadpanamericana.com/preocupacion-por-hallazgo-en-medellin-de-patecabra-producida-con-impresora-3d/,"Preocupación por hallazgo en Medellín de ""patecabra"" producida con impresora 3D",El objeto fue incautado ayer por unidades de la Policía Metropolitana del Valle de Aburra en el barrio Manrique y generó una mezcla de alarma y sorpresa en las autoridades.,place_only_no_political_context
https://actualidadpanamericana.com/causa-sensacion-artista-colombiano-que-adultera-taximetros-en-londres/,Causa sensación artista colombiano que adultera taxímetros en Londres,"La obra del colombiano Omar Castillo ha trascendido las calles de Bogotá para causar revuelo en las de la capital británica donde el polémico artista ha inaugurado su obra ""Doin' Doll"".",place_only_no_political_context
https://actualidadpanamericana.com/procurador-con-su-ojo-en-ciclistas-colombianos-por-uso-de-camiseta-color-rosa/,Procurador con su ojo en ciclistas colombianos por uso de camiseta color rosa,El procurador decide lanzar una fuerte crítica a los recientes líderes del Giro de Italia por portar una camiseta de color rosa.,place_only_no_political_context
https://actualidadpanamericana.com/por-brujeria-escasean-laminas-de-rivales-de-colombia-en-pereira/,"Por brujería, escasean láminas de rivales de Colombia en Pereira","Preocupación pero sobre todo extrañeza ha generado en los fanáticos del álbum Panini y entre las autoridades la evidente escasez en la capital de Risaralda de lámimas de Grecia, Costa de Marfil y Japón, los rivales de Colombia en la primera fase del Mundial Brasil 2014.",place_only_no_political_context
https://actualidadpanamericana.com/nuevo-perfume-de-lady-gaga-sera-inspirado-en-bogota/,Nuevo perfume de Lady Gaga será inspirado en Bogotá,el nuevo perfume de lady gaga combina las escénicas más representativas de la capital colombiana,place_only_no_political_context
https://actualidadpanamericana.com/hombre-contrae-hemorroides-por-sentarse-en-silla-tibia-en-bus-de-bogota/,Hombre contrae hemorroides por sentarse en silla tibia en bus de Bogotá,El insólito caso ocurrió en la localidad de Suba al occidente de la capital y probaría una popular teoría que...,place_only_no_political_context
https://actualidadpanamericana.com/nairo-quintana-llego-a-bogota-y-tuvo-que-coger-transmilenio/,Nairo Quintana llegó a Bogotá y tuvo que coger Transmilenio,"Un momento incómodo vivió el reciente campeón del Giro de Italia a su regreso a Colombia. Contrario a lo que en su momento se alcanzó a avisorar, cuando se habló de una bienvenida multitudinaria en la que iba a poder sentir toda la gratitud y el cariño del pueblo colombiano, su arribo se dio en medio de la más absoluta indiferencia.",place_only_no_political_context
https://actualidadpanamericana.com/dora-la-aspiradora-vaticina-que-colombia-ganara-manana-2/,¡Dora la aspiradora vaticina que Colombia ganará mañana!,"Horas antes del crucial partido, el carismático aparato da nuevos motivos a los hinchas colombianos para estar optimistas.",place_only_no_political_context
https://actualidadpanamericana.com/maglia-rosa-y-maicol-stelvio-los-nombres-de-bebe-que-hacen-furor-en-boyaca/,"Maglia Rosa y Maicol Stelvio, los nombres de bebé que hacen furor en Boyacá",Estos nombres causan furor entre los bebes boyacenses,place_only_no_political_context
https://actualidadpanamericana.com/movimiento-accion-poetica-colombiana-ahora-cobrara-a-quienes-compartan-sus-frases/,Movimiento Acción Poética Colombiana ahora cobrará a quienes compartan sus frases,Polémica e indignación ha causado el nuevo lineamiento de la popular página de poetas locales que han decidido de ahora en adelante cobrar a las personas que compartan sus estados de Facebook y sus publicaciones en Twitter.,place_only_no_political_context
https://actualidadpanamericana.com/la-funeraria-ultimo-adios-hipster-bogota/,"La funeraría, para un último adiós ""hipster"" en Bogotá - Actualidad Panamericana",Un nuevo concepto en último adiós hace furor por estos días entre la población alternativa de Bogotá. Se trata de «La...,place_only_no_political_context
https://actualidadpanamericana.com/dora-la-aspiradora-vaticina-que-colombia-ganara-manana/,Dora la aspiradora vaticina que Colombia ganará hoy,El carismático electrodoméstico que hasta ahora no ha fallado en sus pronósticos acaba de decidirse por Colombia como ganador del partido contra Uruguay hoy por los octavos de final del Mundial Brasil 2014.,place_only_no_political_context
https://actualidadpanamericana.com/robin-williams-habria-debutado-en-colombia/,Robin Williams habría debutado en Colombia,"Todos lo conocimos y lo recordaremos por sus personajes, pero realmente pocos saben de sus inicios como comediante y como cuenta chistes.",place_only_no_political_context
https://actualidadpanamericana.com/tamano-del-pene-determina-el-comportamiento-en-transmilenio/,Tamaño del pene determina el comportamiento en TransMilenio,Mediciones físicas realizadas a malos ciudadanos arrojan sorprendentes resultados.,place_only_no_political_context
https://actualidadpanamericana.com/alias-popeye-sale-de-la-carcel-pero-se-devuelve-luego-de-montar-en-transmilenio/,"Alias ""Popeye"" sale de la cárcel, pero se devuelve luego de montar en Transmilenio","El jefe de sicarios de Pablo Escobar conocido con alias de Popeye recobró su libertad en las últimas horas, pero pidió volver a ser recluido al padecer el hacinamiento en transmilenio.",place_only_no_political_context
https://actualidadpanamericana.com/nueva-modalidad-de-broma-en-medellin/,La nueva broma pesada que preocupa a las autoridades de Medellín,"Se inventan que en una casa se oculta una caleta de ""Popeye"".",place_only_no_political_context
https://actualidadpanamericana.com/primicia-iphone-6-tendra-edicion-colombia-conozca-los-detalles/,"Primicia: Iphone 6 tendrá edición Colombia, conozca los detalles","Función ""lichiguín"", financiación gota a gota y contador interno de minutos para venta al detal entre las sorpresas de este iPhone especial para los colombianos.",place_only_no_political_context
https://actualidadpanamericana.com/detuvieron-arbitro-de-huila-millonarios-por-grafitis-con-nuevo-spray/,Detuvieron a árbitro de Huila-Millonarios por grafitis con nuevo spray,Fue liberado horas después tras pagar multa con plata de tarjetas amarillas.,place_only_no_political_context
https://actualidadpanamericana.com/ricardo-arjona-renuncia-honorarios-por-musica-suya-que-suene-en-transporte-publico-colombiano/,Ricardo Arjona renuncia a honorarios por música suya que suene en transporte público colombiano - Actualidad Panamericana,La muy polémica decisión conocida ayer según la cual los usuarios del servicio público de pasajeros en Colombia deberán pagar una suma correspondiente...,place_only_no_political_context
https://actualidadpanamericana.com/penalosa-pide-mas-transmilenio-para-hacerle-frente-al-ebola/,Peñalosa pide más Transmilenio para hacerle frente al Ébola,El exalcalde aseguró hoy en Buenos Aires donde tiene lugar un foro sobre ciudades del siglo XXII que «solo con...,no_political_signal
https://actualidadpanamericana.com/avianca-claro-y-olor-perro-mojado-las-cosas-favoritas-de-los-colombianos-revela-encuesta/,"Avianca, Claro y olor a perro mojado, las cosas favoritas de los colombianos, revela encuesta","Una encuesta revela que las tres cosas que los colombianos mas quieren son en su orden: Claro, Avianca y el olor a perro mojado.",place_only_no_political_context
https://actualidadpanamericana.com/periodistas-podran-preguntarle-al-principe-carlos-por-las-mujeres-colombianas/,Periodistas no podrán preguntarle al Príncipe Carlos por las mujeres colombianas,Tampoco se le podrá indagar si ya probó el ajiaco pues este será el primer plato que degustará en su visita al país.,place_only_no_political_context
https://actualidadpanamericana.com/en-medellin-hacen-cirugias-plasticas-solo-para-halloween/,En Medellín hacen cirugías plásticas sólo para halloween - Actualidad Panamericana,La capital mundial del bisturí ya no solo llama la atención por su transformación urbana tras un pasado de violencia y...,place_only_no_political_context
https://actualidadpanamericana.com/katerine-ibarguen-participara-en-primer-campeonato-nacional-de-colados-en-transmilenio/,Caterine Ibarguen participará en primer campeonato nacional de colados en Transmilenio,"El primer campeonato nacional de esta exigente disciplina, contará con la participación de la destacada campeona mundial de salto triple.",place_only_no_political_context
https://actualidadpanamericana.com/cambian-el-numero-de-james-rodriguez-para-que-colombianos-compren-camisetas-de-nuevo/,Cambian el número de James para que colombianos compren camisetas de nuevo,El 10 del Real Madrid de ahora en adelante será el número 18. Esto como parte de una estrategia para hacer...,place_only_no_political_context
https://actualidadpanamericana.com/libro-de-yoga-en-estados-unidos-se-inspira-en-transmilenio/,Nuevo libro enseña revolucionario método de yoga en apretujes de Transmilenio,Sorpresa ha causado entre los bogotanos el libro que acaba de salir al mercado de la experta en yoga estadounidense...,place_only_no_political_context
https://actualidadpanamericana.com/video-caterine-ibarguen-participara-en-el-primer-mundial-de-colados-en-transmilenio/,[Video] Caterine Ibargüen participará en el primer mundial de colados en Transmilenio,La campeona de salto triple participará en el primer torneo mundial de colados en Transmilenio.,place_only_no_political_context
https://actualidadpanamericana.com/policia-colombiana-oro-en-mundial-de-organizacion-de-trancones/,"Policía colombiana, oro en Mundial de organización de trancones",Una excelente noticia para el deporte colombiano ha pasado desapercibida y tiene que ver con la medalla de oro que...,place_only_no_political_context
https://actualidadpanamericana.com/video-carros-en-bogota-tendran-pito-permanente/,[VIDEO] Carros en Bogotá tendrán pito permanente,Son una apuesta de la administración distrital para convertir en norma lo que ya es una costumbre profundamente arraigada en los bogotanos.,place_only_no_political_context
https://actualidadpanamericana.com/bogota-tercera-mejor-ciudad-del-mundo-para-contrabandear-en-2014/,Bogotá: tercera mejor ciudad del mundo para contrabandear en 2014 - Actualidad Panamericana,La capital de la república no para de cosechar premios y reconocimientos en el mundo. El más reciente llegó hoy...,place_only_no_political_context
https://actualidadpanamericana.com/jaguares-cambia-nombre-por-chikunguna-cordoba/,Jaguares cambia nombre por Chikunguña Córdoba,"La nueva pretemporada verá un nuevo cambio en los equipos del rentado nacional, esta vez por cuenta de Jaguares Córdoba...",place_only_no_political_context
https://actualidadpanamericana.com/colombianos-los-que-mas-se-demoran-en-cajeros-en-el-continente/,Colombianos los que más se demoran en cajeros en el continente,El tiempo de permanencia promedio de los usuarios colombianos está muy por encima del que presentan los países de la región.,place_only_no_political_context
https://actualidadpanamericana.com/por-comodidad-de-pasajeros-quitaran-sillas-rojas-de-transmilenio/,"Para comodidad de usuarios, quitarán sillas rojas de Transmilenio","Debido al alto número de pasajeros que optan por sentarse en el piso de los articulados, la dirección del sistema...",place_only_no_political_context
https://actualidadpanamericana.com/kevin-roldan-sera-colombia-en-los-oscar-2015/,Kevin Roldán será Colombia en los Óscar 2015 - Actualidad Panamericana,Los amantes del mundo del espectáculo saben que la verdadera celebración de los premios Óscar sucede después de la ceremonia...,place_only_no_political_context
https://actualidadpanamericana.com/desarticulan-peligrosa-banda-que-tomaba-fotos-en-transmilenio/,Desarticulan peligrosa banda que tomaba fotos en TransMilenio,"Un grupo de cinco personas fue capturada en flagrancia mientras delinquían usando cámaras fotográficas de corto y largo alcance, con las que dispararon en varias ocasiones.",place_only_no_political_context
https://actualidadpanamericana.com/nino-se-machuca-con-la-unica-puerta-buena-de-transmilenio/,Niño se machuca con la única puerta buena de Transmilenio - Actualidad Panamericana,"La única puerta que aún funcionaba en las estaciones de Transmilenio muy pronto dejará de servir, tras un accidente acaecido...",place_only_no_political_context
https://actualidadpanamericana.com/festival-de-cine-de-cartagena-fcci-rendira-homenaje-a-esperanza-gomez/,Festival de Cine de Cartagena (FCCI) rendirá homenaje a Esperanza Gómez,La edición número 55 del Festival Internacional de Cine de Cartagena de Indias (FCCI) que comenzó ayer y finalizará el...,place_only_no_political_context
https://actualidadpanamericana.com/despiden-al-maradona-que-agredio-a-periodista-en-bogota/,Despiden al Maradona que agredió a periodista en Bogotá - Actualidad Panamericana,Ramón Benítez Cañete es el nombre del actor que perdió su trabajo como Maradona luego de perder los estribos -o...,place_only_no_political_context
https://actualidadpanamericana.com/ya-funciona-en-medellin-el-primer-call-center-operado-por-loras/,Ya funciona en Medellín el primer call center operado por loras - Actualidad Panamericana,"Medellín, capital universal de la innovación, es sede de un nuevo proyecto tecnológico que puede revolucionar el servicio al cliente en el...",place_only_no_political_context
https://actualidadpanamericana.com/correo-de-la-noche-nuevo-aliado-comercial-de-la-seleccion-colombia/,Correo de la noche nuevo aliado comercial de la Selección Colombia - Actualidad Panamericana,En rueda de prensa que tendrá lugar en la central de despacho del «Correo de la noche» -servicio de entrega...,place_only_no_political_context
https://actualidadpanamericana.com/desabastecimiento-total-de-mecato-y-golosinas-tras-marcha-de-la-marihuana-en-medellin/,"Desabastecimiento total de ""mecato"" y ""galguerías"" tras marcha de la marihuana en Medellín","Una inesperada y peculiar crisis de desabastecimiento de pasabocas, comidas rápidas y, en general, todo lo que se considera “mecato,...",place_only_no_political_context
https://actualidadpanamericana.com/ninos-de-colombia-renuncian-a-ser-el-futuro-del-pais/,"Niños de Colombia renuncian a ser el ""futuro del país""","Mediante un comunicado divulgado hoy, la Central Unitaria de Niños de Colombia dio a conocer “su voluntad unánime de renunciar formalmente...",place_only_no_political_context
https://actualidadpanamericana.com/santander-tiene-competencia-encuentran-en-cali-las-hormigas-tetonas/,Santander tiene competencia: encuentran en Cali las hormigas tetonas - Actualidad Panamericana,"En el Norte de Cali, un equipo de investigadores de la Universidad del Valle halló esta semana una nueva especie...",place_only_no_political_context
https://actualidadpanamericana.com/disturbios-cali/,Escándalo: linchan cocinera en Cali por ponerle bocadillo a pandebonos - Actualidad Panamericana,Un brote de ira y violencia contra una cocinera experimental se presentó hoy en Cali a raíz de un incidente culinario...,place_only_no_political_context
https://actualidadpanamericana.com/colombianos-carecen-de-gen-que-permite-pensar-en-los-demas-confirman-cientificos/,"Colombianos carecen de gen que permite pensar en los demás, confirman científicos",El hallazgo corrió por cuenta del departamento de investigaciones en genética y etología aplicada de la Universidad de Alabama. Esta...,place_only_no_political_context
https://actualidadpanamericana.com/aviones-de-viva-colombia-estrenan-aviso-que-indica-cuando-aplaudir/,Aviones de Viva Colombia estrenan aviso que indica cuando aplaudir,Los nuevos aviones Airbus A320 de la aerolínea de bajo costo Viva Colombia incluyen un aditamento que promete dar mucho...,place_only_no_political_context
https://actualidadpanamericana.com/la-oficina-de-envigado-entre-las-19-mejores-empresas-colombianas-para-trabajar/,La Oficina de Envigado entre las 19 mejores empresas colombianas para trabajar - Actualidad Panamericana,Great Place to Work presentó su último informe sobre las mejores empresas para trabajar en Colombia. En la privilegiada lista...,place_only_no_political_context
https://actualidadpanamericana.com/vacas-lecheras-perros-lazarillos-caballos-tiro-contaran-empleados-dane/,Vacas lecheras contarán como empleadas para el DANE - Actualidad Panamericana,"El Departamento Administrativo Nacional de Estadística, DANE, anunció esta mañana un nuevo cambio en la metodología de medición del empleo...",place_only_no_political_context
https://actualidadpanamericana.com/artista-bogotana-convierte-plantas-carnivoras-vegetarianas/,Artista bogotana convierte plantas carnívoras en vegetarianas - Actualidad Panamericana,La capital colombiana parece no dejar de sorprender por las noticias que genera en el ámbito cultural. Esta vez la...,place_only_no_political_context
https://actualidadpanamericana.com/inauguran-bogota-primer-outlet-jueces-magistrados/,"Inauguran en Bogotá primer ""Outlet"" de jueces y magistrados - Actualidad Panamericana","La justicia ahora si está al alcance de todos los colombianos y no sólo de unos pocos potentados, gracias a...",place_only_no_political_context
https://actualidadpanamericana.com/guru-ravi-shankar-conoce-el-estres-en-visita-a-bogota/,Gurú Ravi Shankar conoce el estrés en visita a Bogotá - Actualidad Panamericana,"Amarga resultó la visita del reconocido gurú indio Ravi Shankar a la capital, toda vez que una serie de contratiempos lograron por primera vez en su vida, según él mismo reconoció, sacarlo de casillas.",place_only_no_political_context
https://actualidadpanamericana.com/mujer-mordida-por-colada-de-transmilenio-ahora-tambien-es-colada/,"Mujer mordida por colada de Transmilenio ahora también es ""colada""","Después de que una mujer fuera mordida en Transmilenio por otra pasajera que según indicios habría entrado sin pagar en el articulado, la víctima ha empezado a presentar comportamientos propios de los «colados»....",no_political_signal
https://actualidadpanamericana.com/jugadoras-de-seleccion-femenina-suplican-a-prensa-colombiana-no-enviar-corresponsales/,Jugadoras de selección femenina suplican a prensa colombiana no enviar corresponsales - Actualidad Panamericana,Mediante una declaración conjunta las jugadoras y cuerpo técnico de la Selección Colombia femenina que disputa el Mundial de Canadá...,place_only_no_political_context
https://actualidadpanamericana.com/academia-la-lengua-revela-75-colombianos-dice-selesion/,"Academia de la lengua revela que 75% de colombianos dice ""Selesión"" - Actualidad Panamericana","Estudio también revela que sigue en aumento la cantidad de colombianos que llaman ""Ifecs"" al Instituto Colombiano para el Fomento de la Educación Superior. Preocupación.",place_only_no_political_context
https://actualidadpanamericana.com/en-las-eliminatorias-colombia-sera-sedal-colombia/,En las eliminatorias Colombia será Sedal-Colombia,"“Las nuevas generaciones se verán gratamente impactadas por el mensaje de fusión entre deporte y belleza de estos nuevos íconos, jugadores y, ante todo, caballeros con bello cabello”, aseguró Norberto.",place_only_no_political_context
https://actualidadpanamericana.com/12-colombianos-varados-escalera-electrica-dejo-funcionar/,Doce colombianos varados en escalera eléctrica - Actualidad Panamericana,Por lo menos 12 colombianos permanecen a esta hora atrapados en una escalera eléctrica de una tienda por departamentos de la...,place_only_no_political_context
https://actualidadpanamericana.com/tinto-de-media-velada-lo-ultimo-de-starbucks-colombia/,"Tinto de media velada, lo último de Starbucks Colombia - Actualidad Panamericana",De esta manera la multinacional pretende estar un paso más cerca de la cultura y gustos de los consumidores de café colombianos.,place_only_no_political_context
https://actualidadpanamericana.com/mirlas-de-bogota-estan-remedando-sonido-de-alarmas-en-su-canto/,Mirlas de Bogotá están remedando sonido de alarmas en su canto - Actualidad Panamericana,"La contaminación auditiva por cuenta de las alarmas de autos, locales y residencias está teniendo un efecto que tiene sorprendidos...",place_only_no_political_context
https://actualidadpanamericana.com/joven-muere-las-ultimas-horas-cali-intoxicacion-interna/,Joven fallece por retener gases durante primera cita romántica - Actualidad Panamericana,"Por contener flatulencias, Rodrigo Balanta, de 16 años, sufrió un colapso con hemorragia de sus sistema digestivo que lo condujo a la muerte. Familia creará fundación.",place_only_no_political_context
https://actualidadpanamericana.com/adidas-lanza-guayos-potrerus-exclusivos-para-colombia/,"Adidas lanza guayos ""Potrerus"", exclusivos para Colombia - Actualidad Panamericana","Con este producto, diseñado pensando en la ""quebrada geografía"" de las canchas del FPC, la marca alemana busca consolidarse definitivamente en el país.",place_only_no_political_context
https://actualidadpanamericana.com/pedialyte-lanza-sabor-cacique-una-bebida-especial-colombia/,"Pedialyte lanza sabor ""Cacique"", producto especial para guayabos de Colombia - Actualidad Panamericana",Llega el fin de semana y millones en nuestro país se preparan para salir de fiesta con sus amigos o...,place_only_no_political_context
https://actualidadpanamericana.com/liga-inglesa-solo-transmitira-colombia-los-5-minutos-juegue-falcao/,Liga inglesa solo transmitirá para Colombia los 5 minutos que juegue Falcao - Actualidad Panamericana,"La oficina de prensa de la Premier League anunció en un comunicado a todos los medios de comunicación internacionales que, «con...",place_only_no_political_context
https://actualidadpanamericana.com/vecinos-colombianos-los-peores-del-mundo-revela-estudio/,"Vecinos colombianos, los peores del mundo, revela estudio - Actualidad Panamericana",La Organización Neighbors For a Better World que anualmente mide el clima de convivencia en copropiedades a lo ancho del...,place_only_no_political_context
https://actualidadpanamericana.com/colombianos-prefieren-tener-sencillo-que-papa-revela-estudio/,"Colombianos prefieren tener sencillo que papá, revela estudio - Actualidad Panamericana",Una encuesta elaborada por la Fundación Palacios Fimbart para indagar por la escala de valores de los colombianos arrojó este...,place_only_no_political_context
https://actualidadpanamericana.com/venezolano-se-hace-pasar-por-colombiano-deportado-para-comer-tres-veces-al-dia/,Venezolano se hace pasar por colombiano deportado para comer 3 veces al día.,Una sorpresa se llevaron  autoridades migratorias colombianas al descubrir que entre la larga fila de compatriotas deportados por el gobierno...,place_only_no_political_context
https://actualidadpanamericana.com/fiscal-investigara-jaguar-de-documental-colombia-magia-salvaje/,"Fiscal investigará Jaguar de documental ""Colombia magia salvaje"" - Actualidad Panamericana","En rueda de prensa con luz y sonido el Fiscal General de la Nación, Eduardo Montealegre, anunció que el jaguar...",place_only_no_political_context
https://actualidadpanamericana.com/polemica-por-apertura-de-jardin-infantil-swinger-en-bogota/,Polémica por apertura de jardín infantil swinger en Bogotá,Vecinos del barrio Rosales se encuentran enfrentados por la apertura de un jardín infantil de la franquicia internacional Swinger Kinder.,place_only_no_political_context
https://actualidadpanamericana.com/joven-con-chaqueta-del-fbi-siembra-panico-en-la-concentracion-colombiana/,Joven con chaqueta del FBI siembra pánico en la concentración colombiana - Actualidad Panamericana,Un desprevenido mensajero que anoche ingresó al hotel donde se aloja la selección Colombia en Santiago generó auténtico pánico por algunos...,place_only_no_political_context
https://actualidadpanamericana.com/rae-advierte-a-colombianos-que-la-expresion-padre-putativo-no-es-groseria/,"RAE aclara a colombianos que la expresión ""Padre putativo"" no es grosería - Actualidad Panamericana",La Real Academia de la Lengua mediante pronunciamiento extemporáneo dirigido a Colombia aclaró hoy  que la expresión «Padre putativo» no...,place_only_no_political_context
https://actualidadpanamericana.com/la-polvora-la-toleramos-el-regueton-si-ni-de-vainas-perros-de-colombia/,"""La pólvora la toleramos, el reguetón sí ni de vainas"", perros de Colombia - Actualidad Panamericana","A través de Damaris Páez, médium oficial para Colombia entre canes y humanos de la organización Animanaturalis- la población en...",place_only_no_political_context
https://actualidadpanamericana.com/escandalo-espectaculo-circo-sueco-sicarios-colombianos/,"Escándalo por espectáculo de circo sueco con ""sicarios colombianos"" - Actualidad Panamericana",Gran indignación entre la colonia colombiana residente en Suecia ha causado el singular espectáculo de un circo por estos días...,place_only_no_political_context
https://actualidadpanamericana.com/neonazis-colombianos-fueron-golpeados-brutalmente-por-neonazis-alemanes/,Neonazis colombianos fueron golpeados brutalmente por Neonazis alemanes,"Berlín. Cinco colombianos pertenecientes al grupo neonazi Tercera Juerza, que viajó a Alemania para apoyar la marchas de grupos de ultraderecha...",place_only_no_political_context
https://actualidadpanamericana.com/miembros-de-la-academia-se-quejan-por-tejas-y-ventiladores-que-reciben-desde-colombia/,"Miembros de la Academia se quejan por tejas, tamales y ventiladores que reciben desde Colombia - Actualidad Panamericana",Los responsables de votar para elegir los ganadores de las apetecidas estatuillas elevaron hoy una queja formal ante la Academia...,place_only_no_political_context
https://actualidadpanamericana.com/invento-paisas-permite-transformar-mala-energia-colombianos-energia-electrica/,Invento de paisas permite transformar mala energía de colombianos en energía eléctrica  - Actualidad Panamericana,"La resaca por la venta de Isagen durará poco gracias, una vez más, al inagotable ingenio de los antioqueños. Un...",place_only_no_political_context
https://actualidadpanamericana.com/nuevas-barbies-incluyen-la-saporrita-para-colombia/,Nuevas Barbies incluyen “La saporrita” para Colombia - Actualidad Panamericana,"Preocupada por un descenso vertiginoso en las ventas de la icónica muñeca, la firma Mattel anunció esta semana una nueva...",place_only_no_political_context
https://actualidadpanamericana.com/lobo-de-medellin-demandara-a-senora-a-la-que-mordio/,Lobo de Medellin demandará a señora a la que atacó - Actualidad Panamericana,"Un gran paso se ha dado hoy en la protección de los derechos animales al conocerse que el lobo que recientemente fue capturado en la Estrella, Antioquia y entregado al zoológico de Medellin , va a...",place_only_no_political_context
https://actualidadpanamericana.com/ladrones-colombianos-asaltan-la-nube/,Ladrones colombianos asaltan la nube - Actualidad Panamericana,Reforzar las medidas de seguridad de la nube prometieron hoy las autoridades de Internet luego del robo que sufrió este...,place_only_no_political_context
https://actualidadpanamericana.com/pelicula-colombiana-queda-debiendo-publico-en-taquilla/,Película colombiana queda debiendo público en taquilla - Actualidad Panamericana,"La película colombiana Entierra, dirigida por el reconocido artista performático Oscar Amales, se estrenó el fin de semana pasado en...",place_only_no_political_context
https://actualidadpanamericana.com/congresista-del-centro-democratico-comparte-redes-falsa-muerte-gaitan/,Congresista del Centro Democrático comparte en redes falsa muerte de Gaitán - Actualidad Panamericana,"Una vez más la congresista María Fernanda Cabal es objeto de pesadas críticas y bromas en las redes, al compartir...",place_only_no_political_context
https://actualidadpanamericana.com/tetrica-escena-de-envio-de-almendras-a-periodista-en-colombia-habria-motivado-a-francis-ford-coppola-a-escribir-cuarta-parte-de-el-padrino/,Envío de almendras a Vicky Dávila motiva a Coppola a escribir cuarta parte de El Padrino - Actualidad Panamericana,Así lo reveló el afamado director hoy desde Los Ángeles. En declaraciones al portal TMZ dijo haber visto en dicha...,place_only_no_political_context
https://actualidadpanamericana.com/imitar-william-vinasco-muere-lora-bucaramanga/,Por imitar a William Vinasco muere lora en Bucaramanga - Actualidad Panamericana,Los vecinos del barrio Buenos Aires tendrán que volver a ponerle volumen al televisor luego de que se confirmara la...,place_only_no_political_context
https://actualidadpanamericana.com/banco-la-republica-posar-colombianos-billete-100-mil/,Banco de la República hace posar a colombianos con un mismo billete de 100 mil - Actualidad Panamericana,Indignación ha causado en las redes sociales la imagen en donde se aprecia a varios colombianos posando con un mismo...,place_only_no_political_context
https://actualidadpanamericana.com/aprueban-matoneo-paises-mas-desigualdad-colombia-se-opone/,Aprueban matoneo en la ONU a países con más desigualdad. Colombia se opone - Actualidad Panamericana,Una singular medida aprobó hoy la comisión para la lucha contra la desigualdad de la ONU: autorizó el matoneo a...,place_only_no_political_context
https://actualidadpanamericana.com/leones-colombianos-rescatados-circos-viajan-africa-atracan-leones-africanos/,Leones colombianos rescatados de circos viajan a África y atracan a leones africanos. - Actualidad Panamericana,"Un grupo de leones colombianos que fueron privados de su libertad y obligados a trabajar en circos, en los que...",place_only_no_political_context
https://actualidadpanamericana.com/asi-sera-la-version-colombiana-game-of-thrones/,Exclusivo: Así será la versión colombiana de Game of thrones - Actualidad Panamericana,"Ante la caída del rating de las producciones colombianas en los televisores nacionales, un reconocido canal nacional ha comprado los...",place_only_no_political_context
https://actualidadpanamericana.com/medica-colombiana-eps-gana-concurso-mundial-chuzografia/,Médica colombiana de EPS gana concurso mundial de chuzografía - Actualidad Panamericana,"Los médicos generales siguen dejando en alto el nombre de nuestro país, esta vez ha sido una médica tolimense de...",place_only_no_political_context
https://actualidadpanamericana.com/liga-colombiana-de-la-doble-moral-y-las-buenas-costumbres-emite-comunicado-sobre-caso-vicky-davila/,Liga colombiana de la doble moral emite comunicado sobre caso Vicky Dávila - Actualidad Panamericana,"La reconocida entidad que desde 1920 propende por la «necesaria preservación» de la doble moral, los valores y las costumbres...",place_only_no_political_context
https://actualidadpanamericana.com/cancilleria-pedira-al-bronx-visa-colombianos/,Cancillería pedirá al Bronx que exija visa a colombianos - Actualidad Panamericana,En misiva dirigida al pleno de la confederación de capos de las distintas redes de distribución de narcóticos que detentan...,place_only_no_political_context
https://actualidadpanamericana.com/vuelta-colombia-incluira-etapa-senoras-bicicleta-electrica/,Vuelta a Colombia incluirá etapa para señoras en bicicleta eléctrica - Actualidad Panamericana,"La tradicional Vuelta a Colombia, que comenzará el 13 de junio en Cartagena, tendrá un motivo más para emocionar a...",place_only_no_political_context
https://actualidadpanamericana.com/feos-tunick-pixelo-caras-colombianos/,"Polémica: por feos, Tunick pixeló caras de colombianos - Actualidad Panamericana","El fotógrafo estadounidense Spencer Tunick, famoso por sus fotos de desnudos masivos, al parecer habría tomado una decisión que podría...",place_only_no_political_context
https://actualidadpanamericana.com/colombia-ya-se-consume-mas-keratina-cafe-revela-estudio/,"En Colombia ya se consume más keratina que aguardiente, revela estudio - Actualidad Panamericana",Llamativos cambios en los estilos de vida de los colombianos se asoman en los resultados de la más reciente encuesta...,place_only_no_political_context
https://actualidadpanamericana.com/colombia-primer-lugar-paises-origen-novias-los-jugadores-la-eurocopa/,"Colombia: el país que más aporta ""novias"" de jugadores en la Eurocopa - Actualidad Panamericana","Puede que Colombia no participe en la Eurocopa, pero por cuenta de la belleza y encanto de sus mujeres ya...",place_only_no_political_context
https://actualidadpanamericana.com/colombianos-prefieren-la-fila-amor-revela-estudio/,"Colombianos prefieren hacer la fila que el amor, revela estudio - Actualidad Panamericana",Un estudio de la Universidad de Carolina del Sur confirmó lo que más de uno sospechaba: y es que para...,place_only_no_political_context
https://actualidadpanamericana.com/camionado-de-pokemones-no-ha-podido-llegar-a-bogota-por-el-paro/,Camionado de pokémones no ha podido llegar a Bogotá por el paro - Actualidad Panamericana,"Muy preocupados se encuentran los habitantes de la capital por la demora en el lanzamiento de Pokemon GO, debido a...",place_only_no_political_context
https://actualidadpanamericana.com/rio-bogota-se-preparan-deportistas-competiran-rio-janeiro/,En Río Bogotá se preparan deportistas que competirán en Río de Janeiro - Actualidad Panamericana,En un ambiente de total discreción han venido llegando al país en los últimos días decenas de deportistas que competirán en...,place_only_no_political_context
https://actualidadpanamericana.com/colombiano-golpeado-froome-se-mando-incapacitar-mes-no-quiere-conciliar/,Colombiano golpeado por Froome se mandó incapacitar un mes y no quiere conciliar - Actualidad Panamericana,En aprietos terminó el nuevo líder del Tour de Francia luego de golpear a un aficionado colombiano que se le...,place_only_no_political_context
https://actualidadpanamericana.com/universidad-colombiana-envuelta-escandalo-falsificacion-diplomas-olimpicos/,Universidad colombiana envuelta en escándalo por falsificación de diplomas olímpicos - Actualidad Panamericana,"La Universidad de la Virtud, con sede en Neiva, Huila, amaneció hoy en el ojo del huracán al comprobarse que...",place_only_no_political_context
https://actualidadpanamericana.com/exclusivo-guns-nroses-prefiere-medellin-concierto/,Exclusivo: por qué Guns N’Roses prefiere a Medellín para su concierto - Actualidad Panamericana,"En una comunicación dada a conocer por los empresarios, la famosa banda estadounidense afirmó que optaron por la capital paisa...",place_only_no_political_context
https://actualidadpanamericana.com/estigma-vivir-gonorrea-antioquia/,"El estigma de vivir en Gonorrea, Antioquia - Actualidad Panamericana","¿Habías oído hablar de Gonorrea, Antioquia? Un municipio que supera un estigma injusto para salir adelante. #NoMeCambieGonorrea Follow @actualidadpanam shares Facebook Twitter WhatsApp Comentarios...",place_only_no_political_context
https://actualidadpanamericana.com/cine-colombia-ofrecera-estremecedor-recorrido-4d-elefantes-blancos-del-pais/,Cine Colombia ofrecerá estremecedor recorrido en 4D por elefantes blancos del país - Actualidad Panamericana,Una experiencia única ofrecerá en septiembre Cine Colombia con el estremecedor documental en 4D que recorre los más representativos elefantes blancos...,place_only_no_political_context
https://actualidadpanamericana.com/en-san-antero-nace-amauri-primer-centauro-colombiano/,"En San Antero nace Amauri, primer centauro colombiano - Actualidad Panamericana","Hijo de humano y burra, será la atracción del festival del burro 2017.",place_only_no_political_context
https://actualidadpanamericana.com/directivo-colombiano-usara-cupo-ciclista-mundiales-catar/,Directivo colombiano usará cupo de ciclista en Mundiales de Catar - Actualidad Panamericana,Polémica ha causado la decisión de la Federación Colombiana de Ciclismo de salirle al paso a las críticas por su...,place_only_no_political_context
https://actualidadpanamericana.com/zidane-felicita-nairo-pregunta-movistar-no-les-sobra-cupo-colombiano-conoce/,Zidane felicita a Nairo y pregunta a Movistar que si no les sobra un cupo para un colombiano que él conoce - Actualidad Panamericana,"Mediante sorpresiva comunicación telefónica el director técnico del Real Madrid, el francés Zinedine Zidane, felicitó esta mañana al campeón de...",place_only_no_political_context
https://actualidadpanamericana.com/waze-incluye-icono-sitp-varado-bogota/,Waze incluye ícono de SITP varado para Bogotá - Actualidad Panamericana,La cada vez más recurrente de imagen de un bus azul del SITP varado obstruyendo el tránsito vehicular de la...,place_only_no_political_context
https://actualidadpanamericana.com/futbolista-cristiano-pisa-descalzo-cancha-colombiana-duda-dios/,Futbolista cristiano pisa descalzo cancha colombiana y duda de Dios - Actualidad Panamericana,"Cada vez más son los futbolistas colombianos convertidos a la Fe cristiana, futbolistas que como James, Falcao y Daniel Torres,...",place_only_no_political_context
https://actualidadpanamericana.com/extincion-del-tiburon-afecta-al-futbol-colombiano-junior-anuncia-nueva-mascota/,Extinción del tiburón afecta al fútbol colombiano; Junior anuncia nueva mascota - Actualidad Panamericana,"Día agridulce para el Junior de Barranquilla. Se conoció que durante el pasado puente festivo, y mientras nadaba con fines...",place_only_no_political_context
https://actualidadpanamericana.com/jorge-baron-fue-verdadero-precursor-del-hip-hop-colombia-revela-documental/,"Jorge Barón fue el verdadero precursor del Hip-Hop en Colombia, revela documental - Actualidad Panamericana",Un trabajo periodístico acaba de revelar la que sin duda será la noticia del año en el ámbito musical en...,place_only_no_political_context
https://actualidadpanamericana.com/colombia-enfermo-nairo-parte-medico/,"""Colombia enfermó a Nairo"", parte médico - Actualidad Panamericana",El misterio sobre la dolencia que le impidió a Nairo Quintana mostrar un mejor desempeño en el Tour de Francia...,place_only_no_political_context
https://actualidadpanamericana.com/creciente-obsesion-pique-arroyos-barranquilla-preocupa-al-barcelona/,Creciente obsesión de Piqué con arroyos de Barranquilla preocupa al Barcelona - Actualidad Panamericana,"Con alaridos durante el sueño que están causando serias perturbaciones en el sueño suyo y de sus compañeros, además de...",place_only_no_political_context
https://actualidadpanamericana.com/video-nino-acercandose-tocando-guerrillero-cartagena-viral-youtube/,Video de niño acercándose y tocando guerrillero en Cartagena es viral en YouTube - Actualidad Panamericana,Entre las postales y escenas que dejó la firma del acuerdo final en Cartagena el pasado lunes una parece llamada...,place_only_no_political_context
https://actualidadpanamericana.com/facebook-habilita-para-colombia-estatus-se-siente-bendecida-y-afortunada/,"Facebook habilita para Colombia estatus ""Se siente bendecida y afortunada"" - Actualidad Panamericana","La política de criollizar la experiencia de la red social Facebook trajo esta semana una nueva sorpresa: el estatus disponible,...",place_only_no_political_context
https://actualidadpanamericana.com/colombiano-del-sur-la-florida-quiere-primer-deportado-doctor-trump/,"Colombiano del sur de la Florida quiere ser ""primer deportado por el Doctor Trump"" - Actualidad Panamericana","«Feliz, definitivamente feliz, un orgullo para mí, para mi esposa y para mis hijos tener el inmenso honor de ser...",place_only_no_political_context
https://actualidadpanamericana.com/colombianos-le-creen-mas-cadenas-whatsapp-mamas-curas-presentadores/,"Colombianos le creen más a cadenas de Whatsapp que a mamás, curas y presentadores - Actualidad Panamericana",Una encuesta sobre creencias y valores de los colombianos que acaba de ser revelada por el Dane arrojó un dato...,place_only_no_political_context
https://actualidadpanamericana.com/tras-exigencia-vacuna-nube-contaminacion-se-va-medellin/,"Por exigencia de ""vacuna"", nube de contaminación se va de Medellín - Actualidad Panamericana","La nube de contaminación que puso en alerta roja a la capital antioqueña se disipó en las últimas horas, dejando...",place_only_no_political_context
https://actualidadpanamericana.com/ordonez-reitera-amenaza-excomulgar-papa-insiste-venir-colombia/,Ordóñez reitera amenaza de excomulgar a Papa si insiste en venir a Colombia - Actualidad Panamericana,"El anulado exprocurador general, Alejandro Ordóñez reiteró hoy su amenaza de excomulgar al papa Francisco si este insiste en un...",place_only_no_political_context
https://actualidadpanamericana.com/polemica-calcomania-popular-papamovil-usara-francisco-colombia/,Polémica por calcomanía 'popular' en papamóvil que usará Francisco en Colombia - Actualidad Panamericana,La petición que siempre hace el papa Francisco de que su papamóvil porte algún ícono de la cultura popular del...,place_only_no_political_context
https://actualidadpanamericana.com/listo-relevo-cargo-calvohp-los-colombianos/,Listo relevo en cargo de #CalvoHP de los colombianos - Actualidad Panamericana,Ningún inconveniente se registró en el proceso normal de empalme en el cargo de #CalvoHP de los colombianos. Un Zinedine...,place_only_no_political_context
https://actualidadpanamericana.com/adelanto-exclusivo-la-version-colombiana-game-of-thrones/,Adelanto exclusivo: la versión colombiana de Game of Thrones - Actualidad Panamericana,Un canal privado colombiano prepara la versión ‘a la colombiana’ de la popular serie. Tenemos todos los detalles. Follow @actualidadpanam shares Facebook Twitter WhatsApp Comentarios...,place_only_no_political_context
https://actualidadpanamericana.com/padre-chucho-sera-telonero-del-papa-francisco-gira-colombia/,Padre Chucho será telonero del Papa Francisco en su gira por Colombia - Actualidad Panamericana,"A pocos días de la esperada gira del Papa Francisco por Colombia, se ha anunciado oficialmente que el sacerdote, músico y exorcista...",place_only_no_political_context
https://actualidadpanamericana.com/pasajeros-transmilenio-se-dan-cuenta-todos-vendedores-ambulantes/,Pasajeros de TransMilenio se dan cuenta de que todos son vendedores ambulantes - Actualidad Panamericana,"Un extraño hecho se registró esta mañana en un bus de TransMilenio que cubría una ruta hacia el Portal Norte,...",place_only_no_political_context
https://actualidadpanamericana.com/oso-chucho-pide-lo-dejen-barranquilla-febrero-quiero-carnaval-ya-compre-abono-del-junior/,"Oso Chucho pide que lo dejen en Barranquilla hasta febrero: ""quiero carnaval y ya compré abono del Junior"" - Actualidad Panamericana",En el marco de una audiencia citada por el juez octavo de Barranquilla para resolver la acción de tutela mediante...,place_only_no_political_context
https://actualidadpanamericana.com/nuevo-ken-colombiano-ya-demanda-alimentos/,Nuevo Ken colombiano ya tiene demanda de alimentos - Actualidad Panamericana,"Hoy desde Queens, Nueva York, se reportó el primer incidente luego del lanzamiento de la nueva versión del famoso novio...",place_only_no_political_context
https://actualidadpanamericana.com/andres-felipe-no-podra-viajar-colombia-pasajes-avianca/,Andrés Felipe no podrá viajar a Colombia porque tiene pasajes por Avianca - Actualidad Panamericana,"Tras revelarse la decisión de una corte de los Estados Unidos de autorizar la extradición de Andrés Felipe Arias, exministro condenado...",place_only_no_political_context
https://actualidadpanamericana.com/cuanto-falta-bano-penalosa-rio-bogota/,¿Cuánto falta para el baño de Peñalosa en el Río Bogotá? - Actualidad Panamericana,[tminus t=»02-10-2025 00:00:00″ weeks=»semanas» days=»dias» hours=»horas» minutes=»minutos» seconds=»segundos» before=» Quedan… » after=» para el baño de Peñalosa » launchwidth=»600″ style=»TIE-fighter»/]...,place_only_no_political_context
https://actualidadpanamericana.com/abogados-colombianos-sacuden-dogma-catolico-jesus-resucito-al-tercer-dia-habil/,Abogados colombianos sacuden dogma católico: Jesús resucitó al tercer día hábil - Actualidad Panamericana,Responsables del hallazgo pedirán mediante derecho de petición que a partir de este año se celebre el martes de resurrección.,place_only_no_political_context
https://actualidadpanamericana.com/camiseta-adidas-colombia-rusia-2018-sera-pirata-homenaje-informalidad/,Camiseta Adidas de Colombia en Rusia 2018 será pirata en homenaje a informalidad - Actualidad Panamericana,Fin del misterio. Actualidad Panamericana conoció el diseño definitivo de la camiseta que lucirá la selección Colombia en la Copa...,place_only_no_political_context
https://actualidadpanamericana.com/chuck-norris-pierde-discusion-masajista-playa-cartagena/,Chuck Norris pierde discusión con masajista en playa de Cartagena - Actualidad Panamericana,"Un día después de su llegada a la Heróica, el famoso actor Chuck Norris tuvo un inconveniente en la playa...",place_only_no_political_context
https://actualidadpanamericana.com/visita-chuck-norris-cartagena-deja-sin-herencia-hijos-nietos/,Visita de Chuck Norris a Cartagena deja sin herencia a sus hijos y nietos - Actualidad Panamericana,"La conmoción y el desconcierto se apoderaron de la familia Norris-Wollerstein tras el descuido de su patriarca, Chuck, que enteró...",place_only_no_political_context
https://actualidadpanamericana.com/drama-nino-cali-nacio-sin-ritmo/,Drama por niño en Cali que nació sin ritmo - Actualidad Panamericana,"Esta triste historia tuvo lugar en el barrio Olaya Herrera, ubicado en el norte de la capital del Valle del...",place_only_no_political_context
https://actualidadpanamericana.com/agua-iglesias-medellin-sera-bendecida-afortunada/,Agua de iglesias de Medellín será Bendecida y Afortunada - Actualidad Panamericana,Follow @actualidadpanam shares Facebook Twitter WhatsApp Comentarios Comentarios,place_only_no_political_context
https://actualidadpanamericana.com/darse-la-bendicion-despegar-sera-gratis-viva-colombia-cuaresma/,Darse la bendición antes de despegar será gratis en Viva Colombia por cuaresma - Actualidad Panamericana,"Una excelente noticia tiene la aerolínea de bajo costo Viva Colombia para sus usuarios en esta cuaresma: darse la bendición,...",place_only_no_political_context
https://actualidadpanamericana.com/reto-plop-inspirado-en-pelicula-de-condorito-hace-furor-en-colombia/,Aumentan desnucados por polémico reto viral en redes - Actualidad Panamericana,"Ha sido motivado por el estreno del primer largometraje animado de Condorito, que podrá verse a partir del 12 de octubre en las salas del cine colombianas.",place_only_no_political_context
https://actualidadpanamericana.com/impiden-entrada-will-smith-bar-cartagena/,Impiden entrada a Will Smith a bar en Cartagena - Actualidad Panamericana,"Gran molestia ha causado un aparente acto de racismo en uno de los bares más reconocidos de Cartagena, donde presuntamente...",place_only_no_political_context
https://actualidadpanamericana.com/japoneses-hacen-broma-colombianos-rusia-los-ponen-recoger-basura/,Japoneses hacen broma a colombianos en Rusia y los ponen a recoger basura - Actualidad Panamericana,Se conoció recientemente que no solo los colombianos hicieron bromas pesadas después del primer partido de la Selección en el mundial de...,place_only_no_political_context
https://actualidadpanamericana.com/revuelo-estados-unidos-misteriosa-aparicion-yeti-vieja-grabacion-del-show-las-estrellas-colombiano/,Revuelo en Estados Unidos por misteriosa aparición de Yeti en vieja grabación del Show de las estrellas colombiano - Actualidad Panamericana,Todo Estados Unidos está hablando hoy del yeti que apareció mimetizado entre el público en una vieja grabación del programa...,place_only_no_political_context
https://actualidadpanamericana.com/neymar-estuvo-colombia-capacitando-motociclistas-choques-leves/,Neymar estuvo en Colombia capacitando a motociclistas para choques leves - Actualidad Panamericana,En medio de la mayor reserva y sigilo el astro brasileño de la dramaturgia Neymar Jr. cumplió ayer una cita...,place_only_no_political_context
https://actualidadpanamericana.com/molesto-escritor-chino-pide-colombianos-dejar-llamar-chinos-los-ninos-indisciplinados/,"Molesto, escritor chino pide a colombianos dejar de llamar ""chinos"" a los niños indisciplinados - Actualidad Panamericana","Durante su visita a Bogotá, el galardonado escritor y periodista chino Jia Xinwen pidió a los colombianos «reflexionar sobre el impacto...",place_only_no_political_context
https://actualidadpanamericana.com/colombia-se-le-pueden-cerrar-las-puertas-odebrecht-cuando-las-terminen-gobierno/,"""En Colombia se le pueden cerrar las puertas a Odebrecht. Cuando ellos las terminen"", Gobierno - Actualidad Panamericana",El gobierno de Colombia ha solicitado inhabiliar a la empresa Odebrecht por 20 años para contratar con el Estado. Al...,place_only_no_political_context
https://actualidadpanamericana.com/prohiben-entrada-al-centro-cali-habitantes-miranda-yotoco/,Prohiben entrada al centro de Cali a habitantes de Miranda y Yotoco - Actualidad Panamericana,"Debido a la aguda congestión que se presenta en la capital del Valle durante la temporada de fin de año, varios...",place_only_no_political_context
https://actualidadpanamericana.com/tinder-colombia-lanza-plan-contigencia-ante-llegada-5000-soldados-americanos/,Tinder Colombia lanza plan de contigencia ante llegada de 5000 soldados americanos - Actualidad Panamericana,"La conocida aplicación para conseguir sexo casual o algo más serio, Tinder, prendió sus alarmas ante la posible llegada de...",place_only_no_political_context
https://actualidadpanamericana.com/listo-pico-placa-respirar-medellin/,Listo pico y placa para respirar en Medellín - Actualidad Panamericana,"Con el fin de cuidar la calidad del aire, las autoridades ambientales anunciaron hoy la implementación del pico y placa para respirar. La medida aplica...",place_only_no_political_context
https://actualidadpanamericana.com/mick-jagger-recibe-multa-retroactiva-comprar-oblea-bogota/,Mick Jagger recibe multa retroactiva por comprar oblea en Bogotá - Actualidad Panamericana,Como «absolutely shocked» (absolutamente sorprendido) se declaró el cantante de los Rolling Stones Mick Jagger al recibir en su residencia...,place_only_no_political_context
https://actualidadpanamericana.com/la-desastrosa-experiencia-los-actores-mile-22-al-tratar-radicar-cuentas-cobro-colombia/,La desastrosa experiencia de los actores de Mile 22 al tratar de radicar sus cuentas de cobro en Colombia - Actualidad Panamericana,Un verdadero drama vivieron los actores de la película Mile 22 que en días pasados se filmó en calles bogotanas. ...,place_only_no_political_context
https://actualidadpanamericana.com/cancion-skrillex-escogida-nuevo-himno-del-deportivo-cali/,"Canción de Skrillex, escogida como nuevo himno del Deportivo Cali - Actualidad Panamericana","Después de que varios medios nacionales destacaran que la canción ‘Scary Monsters and Nice Sprites’, hecha por el DJ Skrillex...",place_only_no_political_context
https://actualidadpanamericana.com/chaman-asegura-la-cerveza-no-baja-precio-colombia-no-pasara-segunda-ronda/,"Chamán asegura que si la cerveza no baja de precio, Colombia no pasará a segunda ronda - Actualidad Panamericana","El reconocido chamán Arnulfo Pataquein, famoso por acertar en sus predicciones mundialistas antes del Pulpo Paul, hizo un presagio que...",place_only_no_political_context
https://actualidadpanamericana.com/quentin-tarantino-esta-barranquilla-no-va-al-festival-cine-aja/,"Quentin Tarantino está en Barranquilla pero no va al Festival de Cine ""porque ajá"" - Actualidad Panamericana",Luego de la polémica por el falso anuncio de la participación de Quentin Tarantino en el Festival Internacional de Cine...,place_only_no_political_context
https://actualidadpanamericana.com/unesco-incluye-tinto-greca-colombiano-lista-patrimonio-amenazado/,Unesco incluye tinto de greca colombiano en lista de patrimonio amenazado - Actualidad Panamericana,Una voz de alerta lanzó la Unesco al incluir al café de greca colombiano en la Lista de Patrimonio Cultural...,place_only_no_political_context
https://actualidadpanamericana.com/salchichon-estarian-sobornando-perros-guardianes-transmilenio/,Con salchichón estarían sobornando perros guardianes de TransMilenio - Actualidad Panamericana,Pocas horas pasaron luego del anuncio de una fuerza élite canina para combatir a los colados de las estaciones de...,place_only_no_political_context
https://actualidadpanamericana.com/colados-transmilenio-esperaban-mucho-mas-buses-nuevos/,"Colados de Transmilenio esperaban ""mucho más"" de buses nuevos - Actualidad Panamericana","Rostros de decepción y tristeza se registraron hoy entre el gremio de colados de Transmilenio. «Estábamos muy motivados, con una...",place_only_no_political_context
https://actualidadpanamericana.com/banquero-colombiano-decide-que-ya-con-lo-que-tiene-es-suficiente/,Banquero colombiano decide que ya con lo que tiene es suficiente - Actualidad Panamericana,Enorme desconcierto generó la decisión del reconocido banquero Fernando Pedro de la Pava de no acumular más capital. «Hice cuentas...,place_only_no_political_context
https://actualidadpanamericana.com/dueno-de-amazon-jeff-bezos-se-adelanta-y-patenta-el-dispensador-de-gel-colombiano/,"Dueño de Amazon, Jeff Bezos, se adelanta y patenta el dispensador de gel colombiano - Actualidad Panamericana",Conmoción ha causado en el país la noticia de la respuesta positiva de la oficina federal de patentes a la...,place_only_no_political_context
https://actualidadpanamericana.com/noruegos-estan-viniendo-al-bajo-cauca-a-que-los-vacunen/,Noruegos están viniendo al Bajo Cauca a que los vacunen - Actualidad Panamericana,Miami no es el único destino global que por estos días se beneficia del turismo de vacunación. La convulsionada región...,place_only_no_political_context
https://actualidadpanamericana.com/profecia-de-nostradamus-pone-a-temblar-a-barranquilla/,Profecía de Nostradamus pone a temblar a Barranquilla - Actualidad Panamericana,Un evento aterrador tendría lugar cuando Comesaña regrese al Junior por onceava vez a mediados del próximo año.,place_only_no_political_context
https://actualidadpanamericana.com/falta-arboles-aves-migratorias-lleguen-bogota-deben-buscar-alojamiento-airbnb/,"Por falta de árboles, aves migratorias que lleguen a Bogotá deben buscar alojamiento con Airbnb - Actualidad Panamericana","Una triste sorpresa se han llevado las primeras aves migratorias que han llegado a Bogotá, huyendo del clima frío en...",place_only_no_political_context
https://www.elchiguirebipolar.net/16-02-2009/correa-protesta-humo-del-volcan-colombiano-esta-violando-el-espacio-aereo-del-ecuador/,Correa protesta:,,no_political_signal
https://www.elchiguirebipolar.net/08-08-2009/defensoria-acusa-a-periodistas-por-agredir-a-palos-de-madera/,Defensoría acusa a periodistas por agredir a palos de madera | El Chigüire Bipolar,"La Defensora del Pueblo, Gabriela del Mar Ramírez, condenó enérgicamente la agresión que sufrieron en la marcha de hoy un grupo de […]",no_political_signal
https://www.elchiguirebipolar.net/16-02-2011/venezuela-y-colombia-afinan-acuerdos-para-promover-conciertos-de-aterciopelados-y-detener-los-de-jorge-celedon/,Cancilleres firman acuerdo para detener a Jorge Celedón | El Chigüire Bipolar,"En el marco de las reuniones que se realizaron hoy entre las cancillerías venezolanas y colombianas, se firmó un acuerdo para promover la organización de conciertos del grupo Aterciopelados y detener de manera inmediata las presentaciones de Jorge Celedón.",place_only_no_political_context
https://actualidadpanamericana.com/brazzers-compra-derechos-escandalo-arbitros-colombianos-realizar-serie/,Brazzers compra derechos de escándalo de árbitros colombianos para realizar serie - Actualidad Panamericana,"Brazzers, la empresa canadiense líder en producción de videos para adultos, comprará las historias del escándalo de favores sexuales en...",place_only_no_political_context
https://www.elchiguirebipolar.net/04-06-2012/luego-de-girar-caballo-del-escudo-nacional-llega-finalmente-a-su-destino-colombia/,"Luego de girar, caballo del Escudo Nacional llega a su destino: Colombia | El Chigüire Bipolar","El majestuoso caballo blanco del escudo nacional, que cambió de sentido en el año 2006, finalmente arribó a su destino: la ciudad de Bogotá, Colombia.",place_only_no_political_context
https://www.elchiguirebipolar.net/12-09-2014/bolivar-fuerte-pide-a-peso-colombiano-que-le-abra-pote-de-mermelada/,Bolívar Fuerte pide a peso colombiano que le abra pote de mermelada   | El Chigüire Bipolar,"Una anécdota bastante curiosa se registró hoy en el fondo de un estante de la familia Rodríguez, en el Táchira, cuando un billete de 100 bolívares fuertes le pidió a un billete de 1.000 pesos colombianos para que lo ayudara a abrir un pote de mermelada.",place_only_no_political_context
https://www.elchiguirebipolar.net/24-08-2015/militar-venezolano-cruza-a-colombia-a-comprar-alambre-de-puas-para-cerrar-la-frontera/,Militar venezolano cruza a Colombia a comprar alambre de púas para cerrar la frontera | El Chigüire Bipolar,"José Rondón, un cabo de la Guardia Nacional Bolivariana, cruzó ilegalmente a Colombia para poder comprar el alambre de púas necesario para cerrar la frontera.",place_only_no_political_context
https://www.elchiguirebipolar.net/25-08-2015/colombianos-pintan-d-de-demoler-en-pared-de-miraflores/,Colombianos pintan D de,Un grupo de colombianos anónimos dibujó la mañana de hoy una gran letra,place_only_no_political_context
https://www.elchiguirebipolar.net/27-08-2015/venezolanos-comienzan-a-fingir-acento-colombiano-para-que-los-saquen-del-pais/,Venezolanos comienzan a fingir acento colombiano para que los saquen del país | El Chigüire Bipolar,"Miles de venezolanos de distintos estados del país comenzaron a desplazarse hasta la frontera con Colombia, y a fingir acento de ese país, con la esperanza de que el gobierno venezolano los deporte.",place_only_no_political_context
https://www.elchiguirebipolar.net/10-05-2016/ex-senora-de-servicio-que-regreso-a-colombia-le-ofrece-trabajo-a-antigua-empleadora/,Ex señora de servicio que regresó a Colombia le ofrece trabajo a antigua empleadora | El Chigüire Bipolar,"Mirla Restrepo, una antigua señora de servicio originaria de Colombia, llamó a su antigua empleadora para ofrecerle trabajo luego de regresar a su país de origen.",place_only_no_political_context
https://www.elchiguirebipolar.net/15-07-2016/caraquenos-proponen-entregar-edo-aragua-a-colombia-para-tener-a-donde-ir-a-comprar/,Caraqueños proponen entregar Edo Aragua a Colombia para tener a dónde ir a comprar | El Chigüire Bipolar,"En la mañana de hoy, un grupo de caraqueños se dirigió al Palacio de Miraflores con el objetivo de proponerle al Gobierno la entrega del estado Aragua a Colombia para así tener dónde ir a comprar comida.",place_only_no_political_context
https://www.elchiguirebipolar.net/09-01-2017/mujer-se-pasa-la-cero-para-evitar-que-se-le-dane-el-secado/,Mujer se pasa la cero para evitar que se le dañe el secado | El Chigüire Bipolar,"Estefanía Guerrero, una joven de 23 años, tomó hoy la decisión de raparse el pelo para así evitar que se le dañe el secado.",place_only_no_political_context
https://www.elchiguirebipolar.net/03-08-2017/arepa-dice-que-ella-siempre-fue-colombiana-para-que-la-dejen-entrar-a-colombia/,Arepa dice que ella siempre fue colombiana para que la dejen entrar a Colombia | El Chigüire Bipolar,"La Arepa, el plato que ha estado en la mesa de los venezolanos desde que Tibisay Lucena es presidenta del CNE, tomó hoy la difícil decisión de emigrar. Para hacerlo renegó de su nacionalidad y aseguró que ella siempre fue colombiana con el objetivo que la dejaran entrar con mayor facilidad al vecino país.",place_only_no_political_context
https://www.elchiguirebipolar.net/24-04-2018/maracuchos-juntan-todas-sus-extensiones-para-conectarla-en-colombia/,Maracuchos juntan todas sus extensiones para conectarlas en Colombia | El Chigüire Bipolar,"Los recientes apagones en el interior del país, específicamente en la región occidental, han llevado a las personas a hacer cosas fuera de lo común, como por ejemplo, los habitantes de la ciudad de Maracaibo, quienes cansados de la crisis energética que se vive en su ciudad, juntaron todas sus extensiones para conectarse en Colombia.",place_only_no_political_context
https://www.elchiguirebipolar.net/17-07-2019/pran-del-tren-de-aragua-se-queja-de-fuga-de-talentos-luego-que-sus-miembros-emigraran-a-colombia/,Pran del Tren de Aragua se queja de fuga de talentos luego que sus miembros emigraran a Colombia | El Chigüire Bipolar,"El máximo líder de la banda delictiva “El Tren de Aragua”, Engelberth Colmenares (21) conocido en los bajos mundos como “El Fotógrafo”, y no precisamente por su gusto por la fotografía, si no porque al igual que la película, tiene más de 6 muertos encima,  se pronunció hoy para repudiar la fuga de talentos que está ocurriendo en el ámbito delictivo, luego enterarse de la captura de 12 ex-miembros de su organización delictiva en Colombia.",place_only_no_political_context
https://www.elchiguirebipolar.net/13-09-2019/para-provocar-a-colombia-maduro-afirma-que-esperanza-gomez-es-venezolana/,"Para provocar a Colombia, Maduro afirma que Esperanza Gómez es venezolana | El Chigüire Bipolar","El responsable de que los baños de Miraflores tengan que cambiarle la tapa todos los meses, Nicolás Maduro, ofreció unas “tensas declaraciones” en su última alocución presidencial. El político chavista aseguró ante los medios presentes que Colombia tiene una guerra sucia en contra de Venezuela y que no caerá ante sus pretensiones, dejando un mensaje provocativo al finalizar: “Ustedes no tienen nada, nosotros tenemos la arepa, el vallenato y a Esperanza Gómez”.",place_only_no_political_context
https://www.elchiguirebipolar.net/24-08-2020/gobierno-construye-muro-de-bolivares-en-la-frontera-con-colombia-para-evitar-ingreso-de-venezolanos/,Gobierno construye muro de bolívares en la frontera con Colombia para evitar ingreso de venezolanos | El Chigüire Bipolar,"El señor que tapa las pocetas de Miraflores, Nicolás Maduro, anunció hoy un nuevo incremento en sus restricciones para el tránsito por la frontera con Colombia, por medio de la instalación de un muro hecho con billetes de bolívares con el que espera evitar que los venezolanos que retornan al país ingresen al territorio nacional.",place_only_no_political_context
https://www.elchiguirebipolar.net/09-10-2020/venezolano-en-colombia-se-prepara-para-celebrar-la-victoria-o-derrota-de-venezuela/,Venezolano en Colombia se prepara para celebrar la victoria o derrota de Venezuela | El Chigüire Bipolar,"Miguel Céspedes, un venezolano residente en Barranquilla, hizo hoy los preparativos para celebrar cualquier resultado que arroje el partido Venezuela - Colombia —sin tener remordimiento alguno, según sus propias palabras— por estar nacionalizado en el vecino país.",place_only_no_political_context
https://www.elchiguirebipolar.net/21-05-2020/rappi-que-trae-pizza-desde-bogota-sigue-siendo-mas-barato-que-un-delivery-en-caracas/,Rappi que trae pizza desde Bogotá sigue siendo más barato que un delivery en Caracas | El Chigüire Bipolar,"A diferencia del uso de pantalones, los servicios de entrega de comida a domicilio están en auge por el confinamiento obligatorio. Sin embargo, la escasez de gasolina, el peligro de contagio y la oferta limitada trajo como consecuencia que el precio de un delivery local sea mucho más caro que un pedido de pizza desde Bogotá a Caracas. Expertos en el tema aseguran que incluso saldría más barato pedir comida desde Lima, Perú.",place_only_no_political_context
https://www.elchiguirebipolar.net/29-04-2021/joven-sin-amigos-en-bogota-recuerda-con-nostalgia-cuando-tampoco-tenia-amigos-en-caracas/,Joven sin amigos en Bogotá recuerda con nostalgia cuando tampoco tenía amigos en Caracas | El Chigüire Bipolar,"Al pasear sola por las pintorescas calles de La Candelaria en Bogotá, Michelle Castillo (28)  recordó con nostalgia aquellos hermosos días en su amada Caracas donde, al igual que en Colombia, tampoco tenía amigos por culpa de la emigración o el FAES.",place_only_no_political_context
https://www.elchiguirebipolar.net/13-10-2022/polemico-kanye-west-asegura-que-la-arepa-es-colombiana/,Polémico: Kanye West asegura que la arepa es colombiana | El Chigüire Bipolar,"Durante el último año, el mundo entero ha sido testigo del deterioro de la salud mental del cantante favorito de Nicolasito Maduro, el rapero y empresario estadounidense, Kanye West. Todos hemos visto con estupor las polémicas opiniones del artista, que le han ocasionado el cierre de su cuenta de Twitter e Instagram, y que también podrían costarle su cuenta del banco; pero la gota que derramó el vaso para su fanaticada venezolana, si es que aún existe, fue cuando aseguró que la arepa es colombiana.",place_only_no_political_context
https://www.elchiguirebipolar.net/04-09-2023/fvf-convoca-al-amigo-de-messi-para-el-partido-contra-colombia/,FVF convoca al amigo de Messi para el partido contra Colombia | El Chigüire Bipolar,La Federación Venezolana de Fútbol y Bolas Criollas FVF anunció la convocatoria del pana de Messi para las próximas eliminatorias contra el […],place_only_no_political_context
https://www.elchiguirebipolar.net/06-07-2023/158-la-llegada-de-colombianos-a-venezuela/,158 | La llegada de colombianos a Venezuela | El Chigüire Bipolar,"En este episodio, El Cuartico sigue con la saga de migración con un invitado especial: Colombia. ¿Cómo fue la llegada de los colombianos a Venezuela? ¿Qué aportaron a la cultura, la economía y la gastronomía? ¿Qué chistes se hicieron entre ambos países?",place_only_no_political_context
https://www.elchiguirebipolar.net/15-11-2023/joven-que-ya-migro-a-colombia-peru-chile-argentina-espana-y-alemania-convencido-que-trinidad-si-sera-el-ultimo/,"Joven que ya migró a Colombia, Perú, Chile, Argentina, España y Alemania, convencido que Trinidad si será el último | El Chigüire Bipolar","Miguel Rodríguez, un joven que ha emigrado en repetidas ocasiones por toda Latinoamérica y algunos países de Europa, aseguró que su estancia en Trinidad es la última y que será el país que será su hogar después de no conseguir buenas oportunidades en Colombia, Perú, Chile, Argentina, España y Alemania.",place_only_no_political_context
https://www.elchiguirebipolar.net/24-01-2024/joven-hace-arepa-por-error-se-le-cae-la-pisa-y-lo-justifica-diciendo-que-es-la-receta-colombiana/,"Joven hace arepa, por error se le cae, la pisa y lo justifica diciendo que es la receta colombiana | El Chigüire Bipolar","Ayrton Valenzuela, un joven de 24 años, cometió esta mañana la peor atrocidad culinaria del país desde el invento del sanduchón. Quería sorprender a su familia con unas arepas para el desayuno, pero se le cayeron al piso, las pisó al intentar recogerlas y, para colmo, su perro adoptado las orinó. Sin embargo, el ingenioso muchacho disimuló el desastre asegurando que estaba haciendo la receta típica de Colombia.",place_only_no_political_context
https://www.elchiguirebipolar.net/08-07-2024/palacio-del-blumer-asegura-que-gracias-a-su-tecnologia-colombiana-ahora-a-cualquiera-lo-pueden-fajar-chiquito/,Palacio del Blumer asegura que gracias a su tecnología colombiana ahora a cualquiera lo pueden fajar chiquito | El Chigüire Bipolar,"Hasta hace no mucho era impensable para la humanidad la existencia de los carros autónomos, la creación de imágenes con inteligencia artificial o incluso desactivar el visto de WhatsApp; sin embargo, la innovación tecnológica ha dado avances gigantescos. Recientemente, un grupo de científicos de los laboratorios del Blumer, ubicados en las monumentales instalaciones del Palacio del Blumer, han creado unas novedosas fajas con tecnología colombiana que permiten que a cualquiera lo puedan fajar chiquito, desafiando la ley del poderoso dicho.",place_only_no_political_context
https://www.elchiguirebipolar.net/07-07-2025/venezolano-que-emigro-a-colombia-chile-argentina-turquia-dubai-y-estados-unidos-convencido-que-en-espana-si-le-va-a-ir-bien/,"Venezolano que emigró a Colombia, Chile, Argentina, Turquía, Dubai y Estados Unidos convencido que en España sí le va a ir bien | El Chigüire Bipolar","En la vida, el amor y la migración, la trigésimo cuarta es la vencida, y nadie lo sabe mejor que José Andrés Hernández, un venezolano que después de pasar por Bogotá, Medellín, Santiago, Iquique, Buenos Aires, Rosario, Estambul, Dubái, Miami y Jacksonville, ya tiene sus pasajes comprados, maletas hechas y sofá cama asegurado para llegar a la ciudad de Madrid.",place_only_no_political_context
https://www.elchiguirebipolar.net/05-12-2025/venezolano-cumple-felizmente-6-anos-deprimido-en-bogota/,Venezolano cumple felizmente 6 años deprimido en Bogotá | El Chigüire Bipolar,"Emigrar nunca es una decisión fácil, pero es una de las que el joven Fernando Bautista no se arrepiente en ningún momento de su vida. Tras llegar a Colombia en el año 2019, este guerrero venezolano acaba de cumplir felizmente 6 años viviendo con depresión en la hermosa y gris ciudad de Bogotá.",place_only_no_political_context
https://www.elchiguirebipolar.net/09-12-2025/aerolinea-anuncia-nueva-ruta-directa-caracas-barbados-moscu-bogota-burkina-faso-jupiter-madrid/,Aerolínea anuncia nueva ruta directa Caracas - Barbados - Moscú - Bogotá - Burkina Faso - Júpiter - Madrid | El Chigüire Bipolar,"Venezuela se sigue posicionando como potencia mundial volviéndose un punto de encuentro para el planeta entero, y es que el gobierno de Nicolás Maduro acaba de anunciar vuelos semidirectos de Caracas a Madrid haciendo unas pocas escalas en Barbados, Moscú, Bogotá, Burkina Faso, Júpiter y unas poquitas más.",place_only_no_political_context
https://actualidadpanamericana.com/colegios-de-clase-alta-en-bogota-comenzaran-a-recibir-perros-llega-la-uncollie/,Colegios de clase alta en Bogotá comenzarán a recibir perros. Llega la Uncollie - Actualidad Panamericana,La caída de la tasa de natalidad en los estratos altos de Bogotá tiene en jaque a los colegios más...,place_only_no_political_context
